--
-- PostgreSQL database dump
--

-- Dumped from database version 16.9 (Ubuntu 16.9-0ubuntu0.24.04.1)
-- Dumped by pg_dump version 16.9 (Ubuntu 16.9-0ubuntu0.24.04.1)

SET statement_timeout = 0;
SET lock_timeout = 0;
SET idle_in_transaction_session_timeout = 0;
SET client_encoding = 'UTF8';
SET standard_conforming_strings = on;
SELECT pg_catalog.set_config('search_path', '', false);
SET check_function_bodies = false;
SET xmloption = content;
SET client_min_messages = warning;
SET row_security = off;

SET default_tablespace = '';

SET default_table_access_method = heap;

--
-- Name: account_emailaddress; Type: TABLE; Schema: public; Owner: postgres
--

CREATE TABLE public.account_emailaddress (
    id integer NOT NULL,
    email character varying(254) NOT NULL,
    verified boolean NOT NULL,
    "primary" boolean NOT NULL,
    user_id integer NOT NULL
);


ALTER TABLE public.account_emailaddress OWNER TO postgres;

--
-- Name: account_emailaddress_id_seq; Type: SEQUENCE; Schema: public; Owner: postgres
--

ALTER TABLE public.account_emailaddress ALTER COLUMN id ADD GENERATED BY DEFAULT AS IDENTITY (
    SEQUENCE NAME public.account_emailaddress_id_seq
    START WITH 1
    INCREMENT BY 1
    NO MINVALUE
    NO MAXVALUE
    CACHE 1
);


--
-- Name: account_emailconfirmation; Type: TABLE; Schema: public; Owner: postgres
--

CREATE TABLE public.account_emailconfirmation (
    id integer NOT NULL,
    created timestamp with time zone NOT NULL,
    sent timestamp with time zone,
    key character varying(64) NOT NULL,
    email_address_id integer NOT NULL
);


ALTER TABLE public.account_emailconfirmation OWNER TO postgres;

--
-- Name: account_emailconfirmation_id_seq; Type: SEQUENCE; Schema: public; Owner: postgres
--

ALTER TABLE public.account_emailconfirmation ALTER COLUMN id ADD GENERATED BY DEFAULT AS IDENTITY (
    SEQUENCE NAME public.account_emailconfirmation_id_seq
    START WITH 1
    INCREMENT BY 1
    NO MINVALUE
    NO MAXVALUE
    CACHE 1
);


--
-- Name: approvals_approvalaudit; Type: TABLE; Schema: public; Owner: postgres
--

CREATE TABLE public.approvals_approvalaudit (
    id bigint NOT NULL,
    status_choice character varying(20) NOT NULL,
    "timestamp" timestamp with time zone NOT NULL,
    admin_id integer NOT NULL,
    reservation_id bigint NOT NULL
);


ALTER TABLE public.approvals_approvalaudit OWNER TO postgres;

--
-- Name: approvals_approvalaudit_id_seq; Type: SEQUENCE; Schema: public; Owner: postgres
--

ALTER TABLE public.approvals_approvalaudit ALTER COLUMN id ADD GENERATED BY DEFAULT AS IDENTITY (
    SEQUENCE NAME public.approvals_approvalaudit_id_seq
    START WITH 1
    INCREMENT BY 1
    NO MINVALUE
    NO MAXVALUE
    CACHE 1
);


--
-- Name: auth_group; Type: TABLE; Schema: public; Owner: Migsygerzky
--

CREATE TABLE public.auth_group (
    id integer NOT NULL,
    name character varying(150) NOT NULL
);


ALTER TABLE public.auth_group OWNER TO "Migsygerzky";

--
-- Name: auth_group_id_seq; Type: SEQUENCE; Schema: public; Owner: Migsygerzky
--

ALTER TABLE public.auth_group ALTER COLUMN id ADD GENERATED BY DEFAULT AS IDENTITY (
    SEQUENCE NAME public.auth_group_id_seq
    START WITH 1
    INCREMENT BY 1
    NO MINVALUE
    NO MAXVALUE
    CACHE 1
);


--
-- Name: auth_group_permissions; Type: TABLE; Schema: public; Owner: Migsygerzky
--

CREATE TABLE public.auth_group_permissions (
    id bigint NOT NULL,
    group_id integer NOT NULL,
    permission_id integer NOT NULL
);


ALTER TABLE public.auth_group_permissions OWNER TO "Migsygerzky";

--
-- Name: auth_group_permissions_id_seq; Type: SEQUENCE; Schema: public; Owner: Migsygerzky
--

ALTER TABLE public.auth_group_permissions ALTER COLUMN id ADD GENERATED BY DEFAULT AS IDENTITY (
    SEQUENCE NAME public.auth_group_permissions_id_seq
    START WITH 1
    INCREMENT BY 1
    NO MINVALUE
    NO MAXVALUE
    CACHE 1
);


--
-- Name: auth_permission; Type: TABLE; Schema: public; Owner: Migsygerzky
--

CREATE TABLE public.auth_permission (
    id integer NOT NULL,
    name character varying(255) NOT NULL,
    content_type_id integer NOT NULL,
    codename character varying(100) NOT NULL
);


ALTER TABLE public.auth_permission OWNER TO "Migsygerzky";

--
-- Name: auth_permission_id_seq; Type: SEQUENCE; Schema: public; Owner: Migsygerzky
--

ALTER TABLE public.auth_permission ALTER COLUMN id ADD GENERATED BY DEFAULT AS IDENTITY (
    SEQUENCE NAME public.auth_permission_id_seq
    START WITH 1
    INCREMENT BY 1
    NO MINVALUE
    NO MAXVALUE
    CACHE 1
);


--
-- Name: auth_user; Type: TABLE; Schema: public; Owner: Migsygerzky
--

CREATE TABLE public.auth_user (
    id integer NOT NULL,
    password character varying(128) NOT NULL,
    last_login timestamp with time zone,
    is_superuser boolean NOT NULL,
    username character varying(150) NOT NULL,
    first_name character varying(150) NOT NULL,
    last_name character varying(150) NOT NULL,
    email character varying(254) NOT NULL,
    is_staff boolean NOT NULL,
    is_active boolean NOT NULL,
    date_joined timestamp with time zone NOT NULL
);


ALTER TABLE public.auth_user OWNER TO "Migsygerzky";

--
-- Name: auth_user_groups; Type: TABLE; Schema: public; Owner: Migsygerzky
--

CREATE TABLE public.auth_user_groups (
    id bigint NOT NULL,
    user_id integer NOT NULL,
    group_id integer NOT NULL
);


ALTER TABLE public.auth_user_groups OWNER TO "Migsygerzky";

--
-- Name: auth_user_groups_id_seq; Type: SEQUENCE; Schema: public; Owner: Migsygerzky
--

ALTER TABLE public.auth_user_groups ALTER COLUMN id ADD GENERATED BY DEFAULT AS IDENTITY (
    SEQUENCE NAME public.auth_user_groups_id_seq
    START WITH 1
    INCREMENT BY 1
    NO MINVALUE
    NO MAXVALUE
    CACHE 1
);


--
-- Name: auth_user_id_seq; Type: SEQUENCE; Schema: public; Owner: Migsygerzky
--

ALTER TABLE public.auth_user ALTER COLUMN id ADD GENERATED BY DEFAULT AS IDENTITY (
    SEQUENCE NAME public.auth_user_id_seq
    START WITH 1
    INCREMENT BY 1
    NO MINVALUE
    NO MAXVALUE
    CACHE 1
);


--
-- Name: auth_user_user_permissions; Type: TABLE; Schema: public; Owner: Migsygerzky
--

CREATE TABLE public.auth_user_user_permissions (
    id bigint NOT NULL,
    user_id integer NOT NULL,
    permission_id integer NOT NULL
);


ALTER TABLE public.auth_user_user_permissions OWNER TO "Migsygerzky";

--
-- Name: auth_user_user_permissions_id_seq; Type: SEQUENCE; Schema: public; Owner: Migsygerzky
--

ALTER TABLE public.auth_user_user_permissions ALTER COLUMN id ADD GENERATED BY DEFAULT AS IDENTITY (
    SEQUENCE NAME public.auth_user_user_permissions_id_seq
    START WITH 1
    INCREMENT BY 1
    NO MINVALUE
    NO MAXVALUE
    CACHE 1
);


--
-- Name: django_admin_log; Type: TABLE; Schema: public; Owner: Migsygerzky
--

CREATE TABLE public.django_admin_log (
    id integer NOT NULL,
    action_time timestamp with time zone NOT NULL,
    object_id text,
    object_repr character varying(200) NOT NULL,
    action_flag smallint NOT NULL,
    change_message text NOT NULL,
    content_type_id integer,
    user_id integer NOT NULL,
    CONSTRAINT django_admin_log_action_flag_check CHECK ((action_flag >= 0))
);


ALTER TABLE public.django_admin_log OWNER TO "Migsygerzky";

--
-- Name: django_admin_log_id_seq; Type: SEQUENCE; Schema: public; Owner: Migsygerzky
--

ALTER TABLE public.django_admin_log ALTER COLUMN id ADD GENERATED BY DEFAULT AS IDENTITY (
    SEQUENCE NAME public.django_admin_log_id_seq
    START WITH 1
    INCREMENT BY 1
    NO MINVALUE
    NO MAXVALUE
    CACHE 1
);


--
-- Name: django_content_type; Type: TABLE; Schema: public; Owner: Migsygerzky
--

CREATE TABLE public.django_content_type (
    id integer NOT NULL,
    app_label character varying(100) NOT NULL,
    model character varying(100) NOT NULL
);


ALTER TABLE public.django_content_type OWNER TO "Migsygerzky";

--
-- Name: django_content_type_id_seq; Type: SEQUENCE; Schema: public; Owner: Migsygerzky
--

ALTER TABLE public.django_content_type ALTER COLUMN id ADD GENERATED BY DEFAULT AS IDENTITY (
    SEQUENCE NAME public.django_content_type_id_seq
    START WITH 1
    INCREMENT BY 1
    NO MINVALUE
    NO MAXVALUE
    CACHE 1
);


--
-- Name: django_migrations; Type: TABLE; Schema: public; Owner: Migsygerzky
--

CREATE TABLE public.django_migrations (
    id bigint NOT NULL,
    app character varying(255) NOT NULL,
    name character varying(255) NOT NULL,
    applied timestamp with time zone NOT NULL
);


ALTER TABLE public.django_migrations OWNER TO "Migsygerzky";

--
-- Name: django_migrations_id_seq; Type: SEQUENCE; Schema: public; Owner: Migsygerzky
--

ALTER TABLE public.django_migrations ALTER COLUMN id ADD GENERATED BY DEFAULT AS IDENTITY (
    SEQUENCE NAME public.django_migrations_id_seq
    START WITH 1
    INCREMENT BY 1
    NO MINVALUE
    NO MAXVALUE
    CACHE 1
);


--
-- Name: django_session; Type: TABLE; Schema: public; Owner: Migsygerzky
--

CREATE TABLE public.django_session (
    session_key character varying(40) NOT NULL,
    session_data text NOT NULL,
    expire_date timestamp with time zone NOT NULL
);


ALTER TABLE public.django_session OWNER TO "Migsygerzky";

--
-- Name: django_site; Type: TABLE; Schema: public; Owner: postgres
--

CREATE TABLE public.django_site (
    id integer NOT NULL,
    domain character varying(100) NOT NULL,
    name character varying(50) NOT NULL
);


ALTER TABLE public.django_site OWNER TO postgres;

--
-- Name: django_site_id_seq; Type: SEQUENCE; Schema: public; Owner: postgres
--

ALTER TABLE public.django_site ALTER COLUMN id ADD GENERATED BY DEFAULT AS IDENTITY (
    SEQUENCE NAME public.django_site_id_seq
    START WITH 1
    INCREMENT BY 1
    NO MINVALUE
    NO MAXVALUE
    CACHE 1
);


--
-- Name: events_event; Type: TABLE; Schema: public; Owner: postgres
--

CREATE TABLE public.events_event (
    id bigint NOT NULL,
    created_at timestamp with time zone NOT NULL,
    reservationdetails_id bigint NOT NULL
);


ALTER TABLE public.events_event OWNER TO postgres;

--
-- Name: events_event_id_seq; Type: SEQUENCE; Schema: public; Owner: postgres
--

ALTER TABLE public.events_event ALTER COLUMN id ADD GENERATED BY DEFAULT AS IDENTITY (
    SEQUENCE NAME public.events_event_id_seq
    START WITH 1
    INCREMENT BY 1
    NO MINVALUE
    NO MAXVALUE
    CACHE 1
);


--
-- Name: reservations_attendee; Type: TABLE; Schema: public; Owner: Migsygerzky
--

CREATE TABLE public.reservations_attendee (
    id bigint NOT NULL,
    "user" character varying(254) NOT NULL,
    attendee_list_id bigint NOT NULL
);


ALTER TABLE public.reservations_attendee OWNER TO "Migsygerzky";

--
-- Name: reservations_attendee_id_seq; Type: SEQUENCE; Schema: public; Owner: Migsygerzky
--

ALTER TABLE public.reservations_attendee ALTER COLUMN id ADD GENERATED BY DEFAULT AS IDENTITY (
    SEQUENCE NAME public.reservations_attendee_id_seq
    START WITH 1
    INCREMENT BY 1
    NO MINVALUE
    NO MAXVALUE
    CACHE 1
);


--
-- Name: reservations_attendeelist; Type: TABLE; Schema: public; Owner: Migsygerzky
--

CREATE TABLE public.reservations_attendeelist (
    id bigint NOT NULL
);


ALTER TABLE public.reservations_attendeelist OWNER TO "Migsygerzky";

--
-- Name: reservations_attendeelist_id_seq; Type: SEQUENCE; Schema: public; Owner: Migsygerzky
--

ALTER TABLE public.reservations_attendeelist ALTER COLUMN id ADD GENERATED BY DEFAULT AS IDENTITY (
    SEQUENCE NAME public.reservations_attendeelist_id_seq
    START WITH 1
    INCREMENT BY 1
    NO MINVALUE
    NO MAXVALUE
    CACHE 1
);


--
-- Name: reservations_reservationdetails; Type: TABLE; Schema: public; Owner: Migsygerzky
--

CREATE TABLE public.reservations_reservationdetails (
    id bigint NOT NULL,
    organizer_id integer NOT NULL,
    reservation_room_details_id bigint NOT NULL,
    reservation_status_log_id bigint NOT NULL
);


ALTER TABLE public.reservations_reservationdetails OWNER TO "Migsygerzky";

--
-- Name: reservations_reservationdetails_id_seq; Type: SEQUENCE; Schema: public; Owner: Migsygerzky
--

ALTER TABLE public.reservations_reservationdetails ALTER COLUMN id ADD GENERATED BY DEFAULT AS IDENTITY (
    SEQUENCE NAME public.reservations_reservationdetails_id_seq
    START WITH 1
    INCREMENT BY 1
    NO MINVALUE
    NO MAXVALUE
    CACHE 1
);


--
-- Name: reservations_reservationroomdetails; Type: TABLE; Schema: public; Owner: Migsygerzky
--

CREATE TABLE public.reservations_reservationroomdetails (
    id bigint NOT NULL,
    room_id bigint NOT NULL,
    start_time time without time zone NOT NULL,
    end_time time without time zone NOT NULL,
    date date NOT NULL,
    letter_of_endorsement character varying(100) NOT NULL,
    event_name character varying(20) NOT NULL,
    event_description character varying(255) NOT NULL,
    attendee_list_id bigint NOT NULL,
    cover_image character varying(100)
);


ALTER TABLE public.reservations_reservationroomdetails OWNER TO "Migsygerzky";

--
-- Name: reservations_reservationroomdetails_id_seq; Type: SEQUENCE; Schema: public; Owner: Migsygerzky
--

ALTER TABLE public.reservations_reservationroomdetails ALTER COLUMN id ADD GENERATED BY DEFAULT AS IDENTITY (
    SEQUENCE NAME public.reservations_reservationroomdetails_id_seq
    START WITH 1
    INCREMENT BY 1
    NO MINVALUE
    NO MAXVALUE
    CACHE 1
);


--
-- Name: reservations_reservationstatuslog; Type: TABLE; Schema: public; Owner: Migsygerzky
--

CREATE TABLE public.reservations_reservationstatuslog (
    id bigint NOT NULL,
    admin_in_charge_id integer,
    status character varying(1) NOT NULL,
    time_stamp timestamp with time zone
);


ALTER TABLE public.reservations_reservationstatuslog OWNER TO "Migsygerzky";

--
-- Name: reservations_reservationstatuslog_id_seq; Type: SEQUENCE; Schema: public; Owner: Migsygerzky
--

ALTER TABLE public.reservations_reservationstatuslog ALTER COLUMN id ADD GENERATED BY DEFAULT AS IDENTITY (
    SEQUENCE NAME public.reservations_reservationstatuslog_id_seq
    START WITH 1
    INCREMENT BY 1
    NO MINVALUE
    NO MAXVALUE
    CACHE 1
);


--
-- Name: rooms_calendar; Type: TABLE; Schema: public; Owner: Migsygerzky
--

CREATE TABLE public.rooms_calendar (
    id bigint NOT NULL,
    room_id bigint NOT NULL
);


ALTER TABLE public.rooms_calendar OWNER TO "Migsygerzky";

--
-- Name: rooms_calendar_id_seq; Type: SEQUENCE; Schema: public; Owner: Migsygerzky
--

ALTER TABLE public.rooms_calendar ALTER COLUMN id ADD GENERATED BY DEFAULT AS IDENTITY (
    SEQUENCE NAME public.rooms_calendar_id_seq
    START WITH 1
    INCREMENT BY 1
    NO MINVALUE
    NO MAXVALUE
    CACHE 1
);


--
-- Name: rooms_dateentry; Type: TABLE; Schema: public; Owner: Migsygerzky
--

CREATE TABLE public.rooms_dateentry (
    id bigint NOT NULL,
    date date NOT NULL,
    calendar_id bigint NOT NULL
);


ALTER TABLE public.rooms_dateentry OWNER TO "Migsygerzky";

--
-- Name: rooms_dateentry_id_seq; Type: SEQUENCE; Schema: public; Owner: Migsygerzky
--

ALTER TABLE public.rooms_dateentry ALTER COLUMN id ADD GENERATED BY DEFAULT AS IDENTITY (
    SEQUENCE NAME public.rooms_dateentry_id_seq
    START WITH 1
    INCREMENT BY 1
    NO MINVALUE
    NO MAXVALUE
    CACHE 1
);


--
-- Name: rooms_room; Type: TABLE; Schema: public; Owner: Migsygerzky
--

CREATE TABLE public.rooms_room (
    id bigint NOT NULL,
    roomlabel character varying(100) NOT NULL,
    capacity integer NOT NULL,
    CONSTRAINT rooms_room_capacity_check CHECK ((capacity >= 0))
);


ALTER TABLE public.rooms_room OWNER TO "Migsygerzky";

--
-- Name: rooms_room_id_seq; Type: SEQUENCE; Schema: public; Owner: Migsygerzky
--

ALTER TABLE public.rooms_room ALTER COLUMN id ADD GENERATED BY DEFAULT AS IDENTITY (
    SEQUENCE NAME public.rooms_room_id_seq
    START WITH 1
    INCREMENT BY 1
    NO MINVALUE
    NO MAXVALUE
    CACHE 1
);


--
-- Name: rooms_timereserved; Type: TABLE; Schema: public; Owner: Migsygerzky
--

CREATE TABLE public.rooms_timereserved (
    id bigint NOT NULL,
    starting_time time without time zone NOT NULL,
    ending_time time without time zone NOT NULL,
    date_entry_id bigint NOT NULL,
    event_id bigint
);


ALTER TABLE public.rooms_timereserved OWNER TO "Migsygerzky";

--
-- Name: rooms_timereserved_id_seq; Type: SEQUENCE; Schema: public; Owner: Migsygerzky
--

ALTER TABLE public.rooms_timereserved ALTER COLUMN id ADD GENERATED BY DEFAULT AS IDENTITY (
    SEQUENCE NAME public.rooms_timereserved_id_seq
    START WITH 1
    INCREMENT BY 1
    NO MINVALUE
    NO MAXVALUE
    CACHE 1
);


--
-- Name: socialaccount_socialaccount; Type: TABLE; Schema: public; Owner: postgres
--

CREATE TABLE public.socialaccount_socialaccount (
    id integer NOT NULL,
    provider character varying(200) NOT NULL,
    uid character varying(191) NOT NULL,
    last_login timestamp with time zone NOT NULL,
    date_joined timestamp with time zone NOT NULL,
    extra_data jsonb NOT NULL,
    user_id integer NOT NULL
);


ALTER TABLE public.socialaccount_socialaccount OWNER TO postgres;

--
-- Name: socialaccount_socialaccount_id_seq; Type: SEQUENCE; Schema: public; Owner: postgres
--

ALTER TABLE public.socialaccount_socialaccount ALTER COLUMN id ADD GENERATED BY DEFAULT AS IDENTITY (
    SEQUENCE NAME public.socialaccount_socialaccount_id_seq
    START WITH 1
    INCREMENT BY 1
    NO MINVALUE
    NO MAXVALUE
    CACHE 1
);


--
-- Name: socialaccount_socialapp; Type: TABLE; Schema: public; Owner: postgres
--

CREATE TABLE public.socialaccount_socialapp (
    id integer NOT NULL,
    provider character varying(30) NOT NULL,
    name character varying(40) NOT NULL,
    client_id character varying(191) NOT NULL,
    secret character varying(191) NOT NULL,
    key character varying(191) NOT NULL,
    provider_id character varying(200) NOT NULL,
    settings jsonb NOT NULL
);


ALTER TABLE public.socialaccount_socialapp OWNER TO postgres;

--
-- Name: socialaccount_socialapp_id_seq; Type: SEQUENCE; Schema: public; Owner: postgres
--

ALTER TABLE public.socialaccount_socialapp ALTER COLUMN id ADD GENERATED BY DEFAULT AS IDENTITY (
    SEQUENCE NAME public.socialaccount_socialapp_id_seq
    START WITH 1
    INCREMENT BY 1
    NO MINVALUE
    NO MAXVALUE
    CACHE 1
);


--
-- Name: socialaccount_socialapp_sites; Type: TABLE; Schema: public; Owner: postgres
--

CREATE TABLE public.socialaccount_socialapp_sites (
    id bigint NOT NULL,
    socialapp_id integer NOT NULL,
    site_id integer NOT NULL
);


ALTER TABLE public.socialaccount_socialapp_sites OWNER TO postgres;

--
-- Name: socialaccount_socialapp_sites_id_seq; Type: SEQUENCE; Schema: public; Owner: postgres
--

ALTER TABLE public.socialaccount_socialapp_sites ALTER COLUMN id ADD GENERATED BY DEFAULT AS IDENTITY (
    SEQUENCE NAME public.socialaccount_socialapp_sites_id_seq
    START WITH 1
    INCREMENT BY 1
    NO MINVALUE
    NO MAXVALUE
    CACHE 1
);


--
-- Name: socialaccount_socialtoken; Type: TABLE; Schema: public; Owner: postgres
--

CREATE TABLE public.socialaccount_socialtoken (
    id integer NOT NULL,
    token text NOT NULL,
    token_secret text NOT NULL,
    expires_at timestamp with time zone,
    account_id integer NOT NULL,
    app_id integer
);


ALTER TABLE public.socialaccount_socialtoken OWNER TO postgres;

--
-- Name: socialaccount_socialtoken_id_seq; Type: SEQUENCE; Schema: public; Owner: postgres
--

ALTER TABLE public.socialaccount_socialtoken ALTER COLUMN id ADD GENERATED BY DEFAULT AS IDENTITY (
    SEQUENCE NAME public.socialaccount_socialtoken_id_seq
    START WITH 1
    INCREMENT BY 1
    NO MINVALUE
    NO MAXVALUE
    CACHE 1
);


--
-- Data for Name: account_emailaddress; Type: TABLE DATA; Schema: public; Owner: postgres
--

COPY public.account_emailaddress (id, email, verified, "primary", user_id) FROM stdin;
1	memorgia@up.edu.ph	t	t	4
2	kcdongon@up.edu.ph	t	t	11
\.


--
-- Data for Name: account_emailconfirmation; Type: TABLE DATA; Schema: public; Owner: postgres
--

COPY public.account_emailconfirmation (id, created, sent, key, email_address_id) FROM stdin;
\.


--
-- Data for Name: approvals_approvalaudit; Type: TABLE DATA; Schema: public; Owner: postgres
--

COPY public.approvals_approvalaudit (id, status_choice, "timestamp", admin_id, reservation_id) FROM stdin;
2	A	2025-05-21 13:50:22.421742+08	10	33
5	A	2025-05-22 01:43:44.99021+08	10	35
7	A	2025-05-24 07:34:31.070063+08	10	39
\.


--
-- Data for Name: auth_group; Type: TABLE DATA; Schema: public; Owner: Migsygerzky
--

COPY public.auth_group (id, name) FROM stdin;
1	Admin_Group
\.


--
-- Data for Name: auth_group_permissions; Type: TABLE DATA; Schema: public; Owner: Migsygerzky
--

COPY public.auth_group_permissions (id, group_id, permission_id) FROM stdin;
\.


--
-- Data for Name: auth_permission; Type: TABLE DATA; Schema: public; Owner: Migsygerzky
--

COPY public.auth_permission (id, name, content_type_id, codename) FROM stdin;
1	Can add log entry	1	add_logentry
2	Can change log entry	1	change_logentry
3	Can delete log entry	1	delete_logentry
4	Can view log entry	1	view_logentry
5	Can add permission	2	add_permission
6	Can change permission	2	change_permission
7	Can delete permission	2	delete_permission
8	Can view permission	2	view_permission
9	Can add group	3	add_group
10	Can change group	3	change_group
11	Can delete group	3	delete_group
12	Can view group	3	view_group
13	Can add user	4	add_user
14	Can change user	4	change_user
15	Can delete user	4	delete_user
16	Can view user	4	view_user
17	Can add content type	5	add_contenttype
18	Can change content type	5	change_contenttype
19	Can delete content type	5	delete_contenttype
20	Can view content type	5	view_contenttype
21	Can add session	6	add_session
22	Can change session	6	change_session
23	Can delete session	6	delete_session
24	Can view session	6	view_session
25	Can add attendee list	7	add_attendeelist
26	Can change attendee list	7	change_attendeelist
27	Can delete attendee list	7	delete_attendeelist
28	Can view attendee list	7	view_attendeelist
29	Can add reservation status log	8	add_reservationstatuslog
30	Can change reservation status log	8	change_reservationstatuslog
31	Can delete reservation status log	8	delete_reservationstatuslog
32	Can view reservation status log	8	view_reservationstatuslog
33	Can add reservation room details	9	add_reservationroomdetails
34	Can change reservation room details	9	change_reservationroomdetails
35	Can delete reservation room details	9	delete_reservationroomdetails
36	Can view reservation room details	9	view_reservationroomdetails
37	Can add reservation details	10	add_reservationdetails
38	Can change reservation details	10	change_reservationdetails
39	Can delete reservation details	10	delete_reservationdetails
40	Can view reservation details	10	view_reservationdetails
41	Can add attendee	11	add_attendee
42	Can change attendee	11	change_attendee
43	Can delete attendee	11	delete_attendee
44	Can view attendee	11	view_attendee
45	Can add room	12	add_room
46	Can change room	12	change_room
47	Can delete room	12	delete_room
48	Can view room	12	view_room
49	Can add time reserved	13	add_timereserved
50	Can change time reserved	13	change_timereserved
51	Can delete time reserved	13	delete_timereserved
52	Can view time reserved	13	view_timereserved
53	Can add calendar	14	add_calendar
54	Can change calendar	14	change_calendar
55	Can delete calendar	14	delete_calendar
56	Can view calendar	14	view_calendar
57	Can add date entry	15	add_dateentry
58	Can change date entry	15	change_dateentry
59	Can delete date entry	15	delete_dateentry
60	Can view date entry	15	view_dateentry
61	Can add site	16	add_site
62	Can change site	16	change_site
63	Can delete site	16	delete_site
64	Can view site	16	view_site
65	Can add email address	17	add_emailaddress
66	Can change email address	17	change_emailaddress
67	Can delete email address	17	delete_emailaddress
68	Can view email address	17	view_emailaddress
69	Can add email confirmation	18	add_emailconfirmation
70	Can change email confirmation	18	change_emailconfirmation
71	Can delete email confirmation	18	delete_emailconfirmation
72	Can view email confirmation	18	view_emailconfirmation
73	Can add social account	19	add_socialaccount
74	Can change social account	19	change_socialaccount
75	Can delete social account	19	delete_socialaccount
76	Can view social account	19	view_socialaccount
77	Can add social application	20	add_socialapp
78	Can change social application	20	change_socialapp
79	Can delete social application	20	delete_socialapp
80	Can view social application	20	view_socialapp
81	Can add social application token	21	add_socialtoken
82	Can change social application token	21	change_socialtoken
83	Can delete social application token	21	delete_socialtoken
84	Can view social application token	21	view_socialtoken
85	Can add approval audit	22	add_approvalaudit
86	Can change approval audit	22	change_approvalaudit
87	Can delete approval audit	22	delete_approvalaudit
88	Can view approval audit	22	view_approvalaudit
89	Can add event	23	add_event
90	Can change event	23	change_event
91	Can delete event	23	delete_event
92	Can view event	23	view_event
\.


--
-- Data for Name: auth_user; Type: TABLE DATA; Schema: public; Owner: Migsygerzky
--

COPY public.auth_user (id, password, last_login, is_superuser, username, first_name, last_name, email, is_staff, is_active, date_joined) FROM stdin;
12	pbkdf2_sha256$1000000$MF9blW4ztFlb1MEejyYRlV$7s08iza9HJXIvlSE3qp0NgK3b/3Vd6Pli8zVX5a/0m8=	2025-05-27 00:32:27.780292+08	f	user2	Firstname	Lastname	secondtester@up.edu.ph	f	t	2025-05-27 00:24:25+08
3	pbkdf2_sha256$1000000$FpTrZelMupLXDWH7U7abk8$S0Ke++qlSs5g5/niT6O9ELbyymGRjZZKndrT7sKuLiU=	\N	t	ylde				t	t	2025-05-14 15:03:38.068432+08
2	pbkdf2_sha256$1000000$OX5Fjgn30PJFU0mj7yRXub$1dUkA4mcpGfR6V3zyINRN0Sj1jQ0w8z4C9swdNm/NXU=	2025-05-14 15:27:50.645822+08	t	upod				t	t	2025-05-14 14:45:00.466905+08
4	!hrymhnaH47AsEI0lntejnEJFQXv8yiXH7tmpLYfg	2025-05-27 20:33:38.937598+08	f	miguel_alexis	Miguel Alexis	Morgia	memorgia@up.edu.ph	f	t	2025-05-14 15:29:05.959285+08
11	!9eindJMBa7wvmPUwqcrEzyUKjSRwepJZGUTHMKgF	2025-05-24 04:34:23.606217+08	f	karlo_louis	Karlo Louis	Dongon	kcdongon@up.edu.ph	f	t	2025-05-24 04:34:23.562915+08
5	pbkdf2_sha256$1000000$nC5cS9bePMSfZkde5s2EDQ$6sdg6aOXZA9FhRUGBNq4tLIVoQNZIuUWs2etYKec8v4=	\N	f	test1	Test	1	first@up.edu.ph	f	t	2025-05-19 15:28:43+08
6	pbkdf2_sha256$1000000$hul2PC0nJ8Kty1odzeJTUv$UDiHu67gYXGEWgHFr0BqMrduPFBDLd32iCk/V5wKcJ8=	\N	f	test2	Test	2	second@up.edu.ph	f	t	2025-05-19 15:31:50+08
7	pbkdf2_sha256$1000000$6vusqLWsBN5YeXVU0afP8a$Lr8rIEwXJP9zrM5p+EAMRZF6EdHXDhEDuakMzsyi0Pw=	\N	f	test3	Test	3	third@up.edu.ph	f	t	2025-05-19 15:31:59+08
8	pbkdf2_sha256$1000000$9MSQgMff5yKRg4h37hUP2p$ABFBAAunu30JZFxD1i0dkDTjd/UHdMOIgPtj10dmlNI=	\N	f	test4	Test	4	fourth@up.edu.ph	f	t	2025-05-19 15:32:21+08
9	pbkdf2_sha256$1000000$uJ8x9fJij6UGPrV9TpTHNj$ducyVAANi1cdxFiS+J/JjrbmpnCDF/8UmakjjRu8TDE=	\N	f	test5	Test	5	fifth@up.edu.ph	f	t	2025-05-19 15:32:31+08
1	pbkdf2_sha256$1000000$A5PvyIOdYAzEEWXcgQ9m6J$HOUsK80XJWRuwwtoueiFU0QgyO30yddu56dKKsTDsz8=	2025-05-27 00:29:32.023072+08	t	test				t	t	2025-05-01 16:41:39.088036+08
10	pbkdf2_sha256$1000000$wgC3AZohFuSYrARVAQrYw5$+S1cwGTLmXu1IZdrukETJhOysJVHEvViNSQWX6g3EPM=	2025-05-27 00:30:14.572554+08	f	Admin1				t	t	2025-05-20 14:02:30+08
\.


--
-- Data for Name: auth_user_groups; Type: TABLE DATA; Schema: public; Owner: Migsygerzky
--

COPY public.auth_user_groups (id, user_id, group_id) FROM stdin;
1	10	1
\.


--
-- Data for Name: auth_user_user_permissions; Type: TABLE DATA; Schema: public; Owner: Migsygerzky
--

COPY public.auth_user_user_permissions (id, user_id, permission_id) FROM stdin;
1	10	32
2	10	36
3	10	40
4	10	44
5	10	28
6	10	30
\.


--
-- Data for Name: django_admin_log; Type: TABLE DATA; Schema: public; Owner: Migsygerzky
--

COPY public.django_admin_log (id, action_time, object_id, object_repr, action_flag, change_message, content_type_id, user_id) FROM stdin;
1	2025-05-01 16:56:32.333323+08	1	Room 2 - Conference Room	1	[{"added": {}}]	12	1
2	2025-05-01 16:57:05.037342+08	2	Room 3 - Lecture Room	1	[{"added": {}}]	12	1
3	2025-05-01 16:57:50.323642+08	3	Room 7 - Lecture Room	1	[{"added": {}}]	12	1
4	2025-05-01 16:59:33.168037+08	4	Group Study Area	1	[{"added": {}}]	12	1
5	2025-05-01 17:01:33.029915+08	1	Room 2 - Conference Room's Calendar	1	[{"added": {}}]	14	1
6	2025-05-01 17:01:50.231682+08	2	Room 3 - Lecture Room's Calendar	1	[{"added": {}}]	14	1
7	2025-05-01 17:01:55.320942+08	3	Room 7 - Lecture Room's Calendar	1	[{"added": {}}]	14	1
8	2025-05-01 17:01:59.46288+08	4	Group Study Area's Calendar	1	[{"added": {}}]	14	1
9	2025-05-05 22:29:00.946254+08	1	ReservationDetails object (1)	3		10	1
10	2025-05-05 22:29:13.5948+08	1	ReservationRoomDetails object (1)	3		9	1
11	2025-05-05 22:29:20.340961+08	1	ReservationStatusLog object (1)	3		8	1
12	2025-05-05 22:29:31.752626+08	9	Attendee object (9)	3		11	1
13	2025-05-05 22:29:31.75266+08	8	Attendee object (8)	3		11	1
14	2025-05-05 22:29:31.752674+08	7	Attendee object (7)	3		11	1
15	2025-05-05 22:29:31.752684+08	6	Attendee object (6)	3		11	1
16	2025-05-05 22:29:31.752692+08	5	Attendee object (5)	3		11	1
17	2025-05-05 22:29:31.7527+08	3	Attendee object (3)	3		11	1
18	2025-05-05 22:29:31.752708+08	2	Attendee object (2)	3		11	1
19	2025-05-05 22:29:31.752717+08	1	Attendee object (1)	3		11	1
20	2025-05-05 22:29:37.234192+08	2	AttendeeList object (2)	3		7	1
21	2025-05-05 22:29:37.234222+08	1	AttendeeList object (1)	3		7	1
22	2025-05-14 15:07:53.045036+08	4	http://127.0.0.1:8000	1	[{"added": {}}]	16	2
23	2025-05-14 15:08:27.83062+08	1	google	1	[{"added": {}}]	20	2
24	2025-05-14 15:28:46.75077+08	1	google	2	[{"changed": {"fields": ["Secret key"]}}]	20	2
25	2025-05-16 01:56:34.966686+08	21	ReservationRoomDetails object (21)	3		9	1
26	2025-05-16 01:56:34.966712+08	20	ReservationRoomDetails object (20)	3		9	1
27	2025-05-16 01:56:34.966723+08	19	ReservationRoomDetails object (19)	3		9	1
28	2025-05-16 01:56:34.96673+08	18	ReservationRoomDetails object (18)	3		9	1
29	2025-05-16 01:56:34.966737+08	17	ReservationRoomDetails object (17)	3		9	1
30	2025-05-16 01:56:34.966743+08	16	ReservationRoomDetails object (16)	3		9	1
31	2025-05-16 01:56:34.96675+08	13	ReservationRoomDetails object (13)	3		9	1
32	2025-05-16 01:56:34.966756+08	12	ReservationRoomDetails object (12)	3		9	1
33	2025-05-16 01:56:34.966761+08	11	ReservationRoomDetails object (11)	3		9	1
34	2025-05-16 01:56:34.966767+08	10	ReservationRoomDetails object (10)	3		9	1
35	2025-05-16 01:56:34.966772+08	9	ReservationRoomDetails object (9)	3		9	1
36	2025-05-16 01:56:34.966778+08	8	ReservationRoomDetails object (8)	3		9	1
37	2025-05-16 01:56:34.966783+08	7	ReservationRoomDetails object (7)	3		9	1
38	2025-05-16 01:56:34.966788+08	6	ReservationRoomDetails object (6)	3		9	1
39	2025-05-16 01:56:34.966793+08	5	ReservationRoomDetails object (5)	3		9	1
40	2025-05-16 01:56:34.966799+08	4	ReservationRoomDetails object (4)	3		9	1
41	2025-05-16 01:56:34.966805+08	3	ReservationRoomDetails object (3)	3		9	1
42	2025-05-16 01:56:34.96681+08	2	ReservationRoomDetails object (2)	3		9	1
43	2025-05-16 01:56:44.473105+08	19	ReservationStatusLog object (19)	3		8	1
44	2025-05-16 01:56:44.473138+08	18	ReservationStatusLog object (18)	3		8	1
45	2025-05-16 01:56:44.473149+08	17	ReservationStatusLog object (17)	3		8	1
46	2025-05-16 01:56:44.473158+08	16	ReservationStatusLog object (16)	3		8	1
47	2025-05-16 01:56:44.473166+08	15	ReservationStatusLog object (15)	3		8	1
48	2025-05-16 01:56:44.473174+08	14	ReservationStatusLog object (14)	3		8	1
49	2025-05-16 01:56:44.473181+08	13	ReservationStatusLog object (13)	3		8	1
50	2025-05-16 01:56:44.473188+08	12	ReservationStatusLog object (12)	3		8	1
51	2025-05-16 01:56:44.473196+08	11	ReservationStatusLog object (11)	3		8	1
52	2025-05-16 01:56:44.473204+08	10	ReservationStatusLog object (10)	3		8	1
53	2025-05-16 01:56:44.473214+08	9	ReservationStatusLog object (9)	3		8	1
54	2025-05-16 01:56:44.473222+08	8	ReservationStatusLog object (8)	3		8	1
55	2025-05-16 01:56:44.473229+08	7	ReservationStatusLog object (7)	3		8	1
56	2025-05-16 01:56:44.473237+08	6	ReservationStatusLog object (6)	3		8	1
57	2025-05-16 01:56:44.473244+08	5	ReservationStatusLog object (5)	3		8	1
58	2025-05-16 01:56:44.47325+08	4	ReservationStatusLog object (4)	3		8	1
59	2025-05-16 01:56:44.473257+08	3	ReservationStatusLog object (3)	3		8	1
60	2025-05-16 01:56:44.473264+08	2	ReservationStatusLog object (2)	3		8	1
61	2025-05-16 01:58:57.24069+08	26	AttendeeList object (26)	3		7	1
62	2025-05-16 01:58:57.24072+08	25	AttendeeList object (25)	3		7	1
63	2025-05-16 01:58:57.24073+08	24	AttendeeList object (24)	3		7	1
64	2025-05-16 01:58:57.240737+08	23	AttendeeList object (23)	3		7	1
65	2025-05-16 01:58:57.240743+08	22	AttendeeList object (22)	3		7	1
66	2025-05-16 01:58:57.240749+08	21	AttendeeList object (21)	3		7	1
67	2025-05-16 01:58:57.240755+08	20	AttendeeList object (20)	3		7	1
68	2025-05-16 01:58:57.240761+08	19	AttendeeList object (19)	3		7	1
69	2025-05-16 01:58:57.240766+08	14	AttendeeList object (14)	3		7	1
70	2025-05-16 01:58:57.240772+08	13	AttendeeList object (13)	3		7	1
71	2025-05-16 01:58:57.240778+08	12	AttendeeList object (12)	3		7	1
72	2025-05-16 01:58:57.240784+08	11	AttendeeList object (11)	3		7	1
73	2025-05-16 01:58:57.240789+08	9	AttendeeList object (9)	3		7	1
74	2025-05-16 01:58:57.240795+08	8	AttendeeList object (8)	3		7	1
75	2025-05-16 01:58:57.240801+08	7	AttendeeList object (7)	3		7	1
76	2025-05-16 01:58:57.240807+08	6	AttendeeList object (6)	3		7	1
77	2025-05-16 01:58:57.240812+08	5	AttendeeList object (5)	3		7	1
78	2025-05-16 01:58:57.240818+08	4	AttendeeList object (4)	3		7	1
79	2025-05-16 01:58:57.240824+08	3	AttendeeList object (3)	3		7	1
80	2025-05-19 15:28:43.636046+08	5	test1	1	[{"added": {}}]	4	1
81	2025-05-19 15:30:30.251631+08	5	test1	2	[{"changed": {"fields": ["First name", "Last name", "Email address"]}}]	4	1
82	2025-05-19 15:31:50.399002+08	6	test2	1	[{"added": {}}]	4	1
83	2025-05-19 15:31:59.444109+08	7	test3	1	[{"added": {}}]	4	1
84	2025-05-19 15:32:21.385684+08	8	test4	1	[{"added": {}}]	4	1
85	2025-05-19 15:32:31.470747+08	9	test5	1	[{"added": {}}]	4	1
86	2025-05-19 15:32:50.291301+08	6	test2	2	[{"changed": {"fields": ["First name", "Last name", "Email address"]}}]	4	1
87	2025-05-19 15:33:07.205828+08	7	test3	2	[{"changed": {"fields": ["First name", "Last name", "Email address"]}}]	4	1
88	2025-05-19 15:33:27.206513+08	8	test4	2	[{"changed": {"fields": ["First name", "Last name", "Email address"]}}]	4	1
89	2025-05-19 15:33:59.396164+08	9	test5	2	[{"changed": {"fields": ["First name", "Last name", "Email address"]}}]	4	1
90	2025-05-20 14:00:59.68651+08	1	Admin	1	[{"added": {}}]	3	1
91	2025-05-20 14:02:30.261315+08	10	Admin1	1	[{"added": {}}]	4	1
92	2025-05-20 14:02:46.953536+08	10	Admin1	2	[{"changed": {"fields": ["Groups"]}}]	4	1
93	2025-05-20 14:43:09.327806+08	1	Admin	2	[{"changed": {"fields": ["Permissions"]}}]	3	1
94	2025-05-20 14:43:31.01458+08	10	Admin1	2	[{"changed": {"fields": ["Staff status"]}}]	4	1
95	2025-05-20 15:13:49.8308+08	1	Admin_Group	2	[{"changed": {"fields": ["Name"]}}]	3	1
96	2025-05-20 15:14:05.570805+08	1	Admin_Group	2	[{"changed": {"fields": ["Permissions"]}}]	3	1
97	2025-05-20 15:17:32.968637+08	10	Admin1	2	[{"changed": {"fields": ["User permissions"]}}]	4	1
98	2025-05-21 12:12:23.511658+08	30	ReservationDetails object (30)	3		10	1
99	2025-05-21 12:12:40.686868+08	29	ReservationDetails object (29)	3		10	1
100	2025-05-21 12:12:40.686893+08	28	ReservationDetails object (28)	3		10	1
101	2025-05-21 12:12:40.686901+08	27	ReservationDetails object (27)	3		10	1
102	2025-05-21 12:12:40.686909+08	26	ReservationDetails object (26)	3		10	1
103	2025-05-21 12:12:40.686916+08	25	ReservationDetails object (25)	3		10	1
104	2025-05-21 12:12:40.686923+08	24	ReservationDetails object (24)	3		10	1
105	2025-05-21 12:12:40.686929+08	23	ReservationDetails object (23)	3		10	1
106	2025-05-21 12:12:40.686935+08	22	ReservationDetails object (22)	3		10	1
107	2025-05-21 12:12:40.686941+08	21	ReservationDetails object (21)	3		10	1
108	2025-05-21 12:12:40.686947+08	20	ReservationDetails object (20)	3		10	1
109	2025-05-21 12:28:08.839133+08	33	ReservationRoomDetails object (33)	3		9	1
110	2025-05-21 12:28:08.839162+08	32	ReservationRoomDetails object (32)	3		9	1
111	2025-05-21 12:28:08.839172+08	31	ReservationRoomDetails object (31)	3		9	1
112	2025-05-21 12:28:08.83918+08	30	ReservationRoomDetails object (30)	3		9	1
113	2025-05-21 12:28:08.839186+08	29	ReservationRoomDetails object (29)	3		9	1
114	2025-05-21 12:28:08.839192+08	28	ReservationRoomDetails object (28)	3		9	1
115	2025-05-21 12:28:08.839199+08	27	ReservationRoomDetails object (27)	3		9	1
116	2025-05-21 12:28:08.839205+08	26	ReservationRoomDetails object (26)	3		9	1
117	2025-05-21 12:28:08.839211+08	25	ReservationRoomDetails object (25)	3		9	1
118	2025-05-21 12:28:08.839217+08	24	ReservationRoomDetails object (24)	3		9	1
119	2025-05-21 12:28:08.839224+08	23	ReservationRoomDetails object (23)	3		9	1
120	2025-05-21 12:28:08.839231+08	22	ReservationRoomDetails object (22)	3		9	1
121	2025-05-21 12:28:23.939629+08	31	ReservationStatusLog object (31)	3		8	1
122	2025-05-21 12:28:23.939659+08	30	ReservationStatusLog object (30)	3		8	1
123	2025-05-21 12:28:23.939668+08	29	ReservationStatusLog object (29)	3		8	1
124	2025-05-21 12:28:23.939676+08	28	ReservationStatusLog object (28)	3		8	1
125	2025-05-21 12:28:23.939682+08	27	ReservationStatusLog object (27)	3		8	1
126	2025-05-21 12:28:23.939689+08	26	ReservationStatusLog object (26)	3		8	1
127	2025-05-21 12:28:23.939696+08	25	ReservationStatusLog object (25)	3		8	1
128	2025-05-21 12:28:23.939701+08	24	ReservationStatusLog object (24)	3		8	1
129	2025-05-21 12:28:23.939707+08	23	ReservationStatusLog object (23)	3		8	1
130	2025-05-21 12:28:23.939713+08	22	ReservationStatusLog object (22)	3		8	1
131	2025-05-21 12:28:23.939718+08	21	ReservationStatusLog object (21)	3		8	1
132	2025-05-21 12:28:23.939724+08	20	ReservationStatusLog object (20)	3		8	1
133	2025-05-21 12:28:43.247043+08	38	AttendeeList object (38)	3		7	1
134	2025-05-21 12:28:43.247069+08	37	AttendeeList object (37)	3		7	1
135	2025-05-21 12:28:43.247078+08	36	AttendeeList object (36)	3		7	1
136	2025-05-21 12:28:43.247085+08	35	AttendeeList object (35)	3		7	1
137	2025-05-21 12:28:43.247091+08	34	AttendeeList object (34)	3		7	1
138	2025-05-21 12:28:43.247097+08	33	AttendeeList object (33)	3		7	1
139	2025-05-21 12:28:43.247103+08	32	AttendeeList object (32)	3		7	1
140	2025-05-21 12:28:43.24711+08	31	AttendeeList object (31)	3		7	1
141	2025-05-21 12:28:43.247115+08	30	AttendeeList object (30)	3		7	1
142	2025-05-21 12:28:43.247121+08	29	AttendeeList object (29)	3		7	1
143	2025-05-21 12:28:43.247128+08	28	AttendeeList object (28)	3		7	1
144	2025-05-21 12:28:43.247134+08	27	AttendeeList object (27)	3		7	1
145	2025-05-21 12:40:42.352055+08	31	ReservationDetails object (31)	3		10	1
146	2025-05-21 12:40:51.218321+08	39	AttendeeList object (39)	3		7	1
147	2025-05-21 12:41:01.855927+08	32	ReservationStatusLog object (32)	3		8	1
148	2025-05-21 12:50:16.501765+08	33	ReservationStatusLog object (33)	2	[{"changed": {"fields": ["Status"]}}]	8	10
149	2025-05-21 13:45:56.83006+08	32	Reservation by: miguel_alexis | For: admin approval test on 2025-05-31 [01:44:00-03:44:00] in Group Study Area	3		10	1
150	2025-05-21 13:46:11.604056+08	35	admin approval test on 2025-05-31 [01:44:00-03:44:00] in Group Study Area	3		9	1
151	2025-05-21 13:46:21.638249+08	33	Status: Accepted by Admin1 at 2025-05-21 04:50:16.496999+00:00	3		8	1
152	2025-05-21 13:46:31.165793+08	40	Attendee List #40	3		7	1
153	2025-05-21 13:50:22.422965+08	34	Status: Accepted by Admin1 at 2025-05-21 05:50:22.409005+00:00	2	[{"changed": {"fields": ["Status"]}}]	8	10
154	2025-05-22 01:43:44.994147+08	36	Status: Accepted by Admin1 at 2025-05-21 17:43:44.984113+00:00	2	[{"changed": {"fields": ["Status"]}}]	8	10
155	2025-05-24 07:34:31.073585+08	41	Status: Accepted by Admin1 at 2025-05-23 23:34:31.062712+00:00	2	[{"changed": {"fields": ["Status"]}}]	8	10
156	2025-05-26 16:22:27.139231+08	36	admin approval test on 2025-05-29 [02:48:00-03:48:00] in Room 2 - Conference Room	2	[{"changed": {"fields": ["Cover image", "Letter of endorsement"]}}]	9	1
157	2025-05-27 00:24:26.009791+08	12	user2	1	[{"added": {}}]	4	1
158	2025-05-27 00:25:27.206033+08	12	user2	2	[{"changed": {"fields": ["First name", "Last name", "Email address"]}}]	4	1
159	2025-05-27 00:30:25.091321+08	44	Status: Denied by Admin1 at 2025-05-26 16:30:25.086515+00:00	2	[{"changed": {"fields": ["Status"]}}]	8	10
\.


--
-- Data for Name: django_content_type; Type: TABLE DATA; Schema: public; Owner: Migsygerzky
--

COPY public.django_content_type (id, app_label, model) FROM stdin;
1	admin	logentry
2	auth	permission
3	auth	group
4	auth	user
5	contenttypes	contenttype
6	sessions	session
7	reservations	attendeelist
8	reservations	reservationstatuslog
9	reservations	reservationroomdetails
10	reservations	reservationdetails
11	reservations	attendee
12	rooms	room
13	rooms	timereserved
14	rooms	calendar
15	rooms	dateentry
16	sites	site
17	account	emailaddress
18	account	emailconfirmation
19	socialaccount	socialaccount
20	socialaccount	socialapp
21	socialaccount	socialtoken
22	approvals	approvalaudit
23	events	event
\.


--
-- Data for Name: django_migrations; Type: TABLE DATA; Schema: public; Owner: Migsygerzky
--

COPY public.django_migrations (id, app, name, applied) FROM stdin;
1	contenttypes	0001_initial	2025-04-28 14:44:03.627453+08
2	auth	0001_initial	2025-04-28 14:44:03.70629+08
3	admin	0001_initial	2025-04-28 14:44:03.723492+08
4	admin	0002_logentry_remove_auto_add	2025-04-28 14:44:03.728367+08
5	admin	0003_logentry_add_action_flag_choices	2025-04-28 14:44:03.742729+08
6	contenttypes	0002_remove_content_type_name	2025-04-28 14:44:03.751635+08
7	auth	0002_alter_permission_name_max_length	2025-04-28 14:44:03.756909+08
8	auth	0003_alter_user_email_max_length	2025-04-28 14:44:03.762221+08
9	auth	0004_alter_user_username_opts	2025-04-28 14:44:03.76637+08
10	auth	0005_alter_user_last_login_null	2025-04-28 14:44:03.772125+08
11	auth	0006_require_contenttypes_0002	2025-04-28 14:44:03.773767+08
12	auth	0007_alter_validators_add_error_messages	2025-04-28 14:44:03.77913+08
13	auth	0008_alter_user_username_max_length	2025-04-28 14:44:03.78899+08
14	auth	0009_alter_user_last_name_max_length	2025-04-28 14:44:03.793952+08
15	auth	0010_alter_group_name_max_length	2025-04-28 14:44:03.80006+08
16	auth	0011_update_proxy_permissions	2025-04-28 14:44:03.805689+08
17	auth	0012_alter_user_first_name_max_length	2025-04-28 14:44:03.811032+08
18	reservations	0001_initial	2025-04-28 14:44:03.850912+08
19	reservations	0002_alter_reservationdetails_organizer_and_more	2025-04-28 14:44:03.855331+08
20	sessions	0001_initial	2025-04-28 14:44:03.869247+08
21	rooms	0001_initial	2025-05-01 16:45:40.477338+08
22	reservations	0003_alter_reservationroomdetails_room	2025-05-05 22:27:25.840973+08
23	reservations	0004_alter_reservationroomdetails_letter_of_endorsement	2025-05-11 15:29:23.549775+08
24	account	0001_initial	2025-05-14 14:33:56.690426+08
25	account	0002_email_max_length	2025-05-14 14:33:56.705547+08
26	account	0003_alter_emailaddress_create_unique_verified_email	2025-05-14 14:33:56.730323+08
27	account	0004_alter_emailaddress_drop_unique_email	2025-05-14 14:33:56.766549+08
28	account	0005_emailaddress_idx_upper_email	2025-05-14 14:33:56.785485+08
29	account	0006_emailaddress_lower	2025-05-14 14:33:56.801792+08
30	account	0007_emailaddress_idx_email	2025-05-14 14:33:56.831829+08
31	account	0008_emailaddress_unique_primary_email_fixup	2025-05-14 14:33:56.846655+08
32	account	0009_emailaddress_unique_primary_email	2025-05-14 14:33:56.862151+08
33	sites	0001_initial	2025-05-14 14:33:56.873091+08
34	sites	0002_alter_domain_unique	2025-05-14 14:33:56.886619+08
35	socialaccount	0001_initial	2025-05-14 14:33:56.974727+08
36	socialaccount	0002_token_max_lengths	2025-05-14 14:33:56.992454+08
37	socialaccount	0003_extra_data_default_dict	2025-05-14 14:33:57.001234+08
38	socialaccount	0004_app_provider_id_settings	2025-05-14 14:33:57.022172+08
39	socialaccount	0005_socialtoken_nullable_app	2025-05-14 14:33:57.038882+08
40	socialaccount	0006_alter_socialaccount_extra_data	2025-05-14 14:33:57.061168+08
41	reservations	0005_alter_reservationdetails_organizer_and_more	2025-05-16 02:03:43.465803+08
42	reservations	0006_reservationroomdetails_cover_image	2025-05-17 17:44:27.451825+08
43	reservations	0007_alter_attendee_user	2025-05-17 18:10:46.620725+08
44	reservations	0008_alter_reservationstatuslog_admin_in_charge	2025-05-21 12:03:23.343136+08
45	approvals	0001_initial	2025-05-21 12:03:23.375316+08
46	events	0001_initial	2025-05-21 12:03:23.393587+08
47	rooms	0002_timereserved_event	2025-05-21 13:39:05.701182+08
\.


--
-- Data for Name: django_session; Type: TABLE DATA; Schema: public; Owner: Migsygerzky
--

COPY public.django_session (session_key, session_data, expire_date) FROM stdin;
4rl50dkp5ve5q5yjircl82ef89h3i7d0	.eJxVjMEOwiAQRP-FsyHsskDr0bvfQFhAqRpISnsy_rtt0oPeJvPezFv4sC7Frz3PfkriLECcfjsO8ZnrDtIj1HuTsdVlnljuijxol9eW8utyuH8HJfSyrRmQolXaWceGRp2yGUanwDGig5vNrLdsEiujMODARKQ0IhlwEcCIzxesFjYG:1uAPUd:5U2LbAOCUSdnjXoCUGj5blq012pwBs380kSLRQ8wbcI	2025-05-15 16:42:07.853863+08
5732gzzzlw3cuunk7hal47tcgwlfctir	.eJxVjMEOwiAQRP-FsyHsskDr0bvfQFhAqRpISnsy_rtt0oPeJvPezFv4sC7Frz3PfkriLECcfjsO8ZnrDtIj1HuTsdVlnljuijxol9eW8utyuH8HJfSyrRmQolXaWceGRp2yGUanwDGig5vNrLdsEiujMODARKQ0IhlwEcCIzxesFjYG:1uEomo:UZManNa0Tjx5STE05Frno7NiGaKURJwEFbt7wDi1BdY	2025-05-27 20:31:06.701086+08
z7ye0h9dkx2ozhq788wtqmkbvqun8dvc	.eJxVj0tuhDAQRO_Sa4SwjX_sMteIImQ3zYBCcIRNNoi7j2HIgl2puuqpeoMYcHSTQwzrnNqYXKIIzbYX8O-5NQ00pxFdGsPc_lAaQpcznxu8NTR3CuRugobp2lSVZFKVUnBlK1HA7xL-xo6WXHmG8JwoZ9fxIDCmrNVKaSUrZZQVFTcK9q8CzgHtGmlpz2QNN887_Kb5OLhpOuzymlGemescy4_bG4-rdUMNLg6ZI-seNfdSI2fcCjIGkWOPZBjzPmslyVsnuNOKe-JMMhLYW6ep49og7C_4_3EJ:1uIRzY:BYLXYFtgvITVG1fbdNY4YEAtW-5pDx_SqNCr9_rqDzQ	2025-06-06 20:59:16.545857+08
rkbeqx88neq37pyapcuo6pe5e0zfbrvf	.eJxVj81uhDAMhN_FZ4RwgPxw675GVaHEmAWVkoqEXhDvvoGlB26j8cyn8QbB02gnS-TXObYh2sgBmm3P4N-zaxx4jiPZOPq5_eE4-C5lPjd4a2juFEjdCA2qShdCyKLMscBKYZXB7-L_xo6XVHl6_5w4ZdfxICBKY5SUStaF1NKUhdAS9q8MzgHtGnhpz2QFN89Z-ub5ONhpOuz8mpGfmesc8o_bG4-rdUMNNgyJU1c9KeFqRQKFKVlrIkE9sUZ0LmlZszO2FFZJ4VhgjVxSb6ziTihNsL8A6-Nw-w:1uIWWx:thm8cEj8Rsg_pmG7Ohfat3NUC0iG6caa5bimWKc5EVE	2025-06-07 01:50:03.109973+08
uzfdubuwzrjdkx7pql3jrie1oig2goe7	.eJxVj0tuhDAQRO_Sa4SwjX_sMteIImQ3zYBCcIRNNoi7j2HIgl2puuqpeoMYcHSTQwzrnNqYXKIIzbYX8O-5NQ00pxFdGsPc_lAaQpcznxu8NTR3CuRugobp2ghRWWlKU1ulZV3A7xL-xo6WXHmG8JwoZ9fxIDCmrNVKaSUrZZQVFTcK9q8CzgHtGmlpz2QNN887_Kb5OLhpOuzymlGemescy4_bG4-rdUMNLg6ZI-seNfdSI2fcCjIGkWOPZBjzPmslyVsnuNOKe-JMMhLYW6ep49og7C8RenEj:1uJokQ:v7bcQ18RzyaNKSAoun8uXQepv_8N6KSiPHiKLtap1ds	2025-06-10 15:29:18.858017+08
jwppto3d7w1xrlodvt0epzuh0and3wg1	.eJxVj01uhTAMhO_iNUIvDuSHXd81qgolxjxQKalI6AZx9wZKF-xG45lP4w1ioNFNjiisc2pjcokjNNtewL_n1jTwnEZyaQxz-8VpCF3OvG_wp6G5UyB3EzRCV0ZWFoUprRQVSizgewk_Y8dLrrxCeE2cs-t4EIRQ1mqltKofyigrH2gU7B8FnAPaNfLSnskKbp539MnzcXDTdNjlNaM8M9c5lm-3N55X64YaXBwyp6560uhrTSjQSjaGCKknNkJ4n7Wq2Vsn0WmFnlHUgiX11mnuUBuC_Rf-93EP:1uJtUw:pXKhimHORMrNyIkLfKB0z_RcyvUygsbfxtJC6PqRIUI	2025-06-10 20:33:38.940913+08
\.


--
-- Data for Name: django_site; Type: TABLE DATA; Schema: public; Owner: postgres
--

COPY public.django_site (id, domain, name) FROM stdin;
4	http://127.0.0.1:8000	http://127.0.0.1:8000
\.


--
-- Data for Name: events_event; Type: TABLE DATA; Schema: public; Owner: postgres
--

COPY public.events_event (id, created_at, reservationdetails_id) FROM stdin;
2	2025-05-21 13:50:22.410895+08	33
5	2025-05-22 01:43:44.985815+08	35
7	2025-05-24 07:34:31.065504+08	39
\.


--
-- Data for Name: reservations_attendee; Type: TABLE DATA; Schema: public; Owner: Migsygerzky
--

COPY public.reservations_attendee (id, "user", attendee_list_id) FROM stdin;
125	third@up.edu.ph	41
126	fifth@up.edu.ph	41
127	fourth@up.edu.ph	41
128	fifth@up.edu.ph	42
129	second@up.edu.ph	42
130	first@up.edu.ph	42
131	third@up.edu.ph	42
132	second@up.edu.ph	43
133	fourth@up.edu.ph	43
134	third@up.edu.ph	44
135	second@up.edu.ph	45
136	third@up.edu.ph	46
137	memorgia@up.edu.ph	47
138	second@up.edu.ph	47
139	fifth@up.edu.ph	47
140	fourth@up.edu.ph	47
141	first@up.edu.ph	48
142	second@up.edu.ph	49
143	third@up.edu.ph	49
144	memorgia@up.edu.ph	50
145	third@up.edu.ph	51
146	third@up.edu.ph	52
147	fourth@up.edu.ph	53
148	second@up.edu.ph	54
149	third@up.edu.ph	54
150	fourth@up.edu.ph	54
151	fifth@up.edu.ph	54
152	first@up.edu.ph	55
153	second@up.edu.ph	55
154	third@up.edu.ph	55
155	fourth@up.edu.ph	55
156	fifth@up.edu.ph	55
\.


--
-- Data for Name: reservations_attendeelist; Type: TABLE DATA; Schema: public; Owner: Migsygerzky
--

COPY public.reservations_attendeelist (id) FROM stdin;
41
42
43
44
45
46
47
48
49
50
51
52
53
54
55
\.


--
-- Data for Name: reservations_reservationdetails; Type: TABLE DATA; Schema: public; Owner: Migsygerzky
--

COPY public.reservations_reservationdetails (id, organizer_id, reservation_room_details_id, reservation_status_log_id) FROM stdin;
33	4	36	34
35	4	38	36
34	4	37	37
36	4	39	38
37	4	40	39
38	4	41	40
39	11	42	41
40	4	43	42
41	4	44	43
42	1	45	44
43	4	46	45
44	4	47	46
45	4	48	47
46	4	49	48
47	4	50	49
\.


--
-- Data for Name: reservations_reservationroomdetails; Type: TABLE DATA; Schema: public; Owner: Migsygerzky
--

COPY public.reservations_reservationroomdetails (id, room_id, start_time, end_time, date, letter_of_endorsement, event_name, event_description, attendee_list_id, cover_image) FROM stdin;
37	4	01:00:00	03:00:00	2025-07-03	reservations/20250521173234.pdf	Rival_1	Testing the autodenial of rival reservations after admin approval	42	event_images/494060580_1237251404483997_1522363530965989854_n_DiUPwG9.jpg
38	4	02:00:00	04:00:00	2025-07-03	reservations/20250521173352.pdf	Rival_2	Testing the autodenial of rival reservations after admin approval	43	event_images/494922218_10238413016081685_4921066204952464498_n_GrZlJ6P.jpg
39	1	01:05:00	10:05:00	2025-05-26	reservations/20250523140550.pdf	UI test	Testing if the UI does anything negative for the backend	44	event_images/494977085_122236460102223321_5408210198086499169_n_pOw5Gld.jpg
40	1	03:35:00	05:35:00	2025-06-12	reservations/20250523163602.pdf	drop file test	Testing if pdf and image drop works	45	event_images/494469075_1256454332716905_371908442553214584_n_ta1hVui.jpg
41	1	13:36:00	14:36:00	2025-07-20	reservations/20250523163910.pdf	testing drop 2	testing if dragging works as well	46	event_images/490572164_675113781555121_2708214817734656942_n.jpg
42	3	09:40:00	10:41:00	2025-06-19	reservations/20250523204203.pdf	Event Listings	Trying to implement functionality where users know that they are in an event organized by another person	47	event_images/499418078_122170844396368228_4442210366588132649_n.jpg
43	3	03:31:00	07:32:00	2025-05-31	reservations/20250525173226.pdf	image retest	Testing if image still works	48	event_images/500615646_2171777269948645_4274322726423158533_n.jpg
36	1	02:48:00	03:48:00	2025-05-29	reservations/20250526082227.pdf	admin approval test	Testing if event and audit log properly instantiates	41	event_images/500203236_122239688390223321_1962567074044316784_n.jpg
44	3	18:27:00	20:27:00	2025-05-31	reservations/20250526082921.pdf	Please	I am begging for this to work already	49	event_images/f1849ffe738e6556942c856d43407848.png
45	4	04:27:00	05:27:00	2025-06-23	reservations/20250526162726.pdf	Testing denial	I'm testing whether event is created when denial is immediately applied	50	event_images/499418078_122170844396368228_4442210366588132649_n.jpg
46	3	05:21:00	07:21:00	2025-05-29	reservations/20250527072242.pdf	Reservation s css	Testing the css of reservation success	51	event_images/500282381_24682802104642951_7074815466876842869_n.jpg
47	3	15:29:00	19:29:00	2025-05-30	reservations/20250527073020.pdf	Testingsuccessagain	Testing if css is found in incognito mode for reservation success	52	event_images/494060580_1237251404483997_1522363530965989854_n.jpg
48	4	19:32:00	21:32:00	2025-05-28	reservations/20250527073316.pdf	res_success_3	Testing AGAIN if reservation success css is working; this time, collectstatic is done	53	event_images/440416035_419175944058107_4580249583797343532_n.jpg
49	3	10:35:00	12:35:00	2025-05-31	reservations/20250527123607.pdf	Testing	Testing if reservation success css works	54	event_images/500282381_24682802104642951_7074815466876842869_n.jpg
50	4	07:32:00	20:43:00	2025-06-08	reservations/20250527124145.pdf	fuckit	FUKKKKKKKKKKKKKKKK	55	event_images/494922218_10238413016081685_4921066204952464498_n.jpg
\.


--
-- Data for Name: reservations_reservationstatuslog; Type: TABLE DATA; Schema: public; Owner: Migsygerzky
--

COPY public.reservations_reservationstatuslog (id, admin_in_charge_id, status, time_stamp) FROM stdin;
34	10	A	2025-05-21 13:50:22.409005+08
35	\N	P	\N
37	10	D	2025-05-22 01:43:44.991783+08
36	10	A	2025-05-22 01:43:44.984113+08
38	\N	P	\N
39	\N	P	\N
40	\N	P	\N
41	10	A	2025-05-24 07:34:31.062712+08
42	\N	P	\N
43	\N	P	\N
44	10	D	2025-05-27 00:30:25.086515+08
45	\N	P	\N
46	\N	P	\N
47	\N	P	\N
48	\N	P	\N
49	\N	P	\N
\.


--
-- Data for Name: rooms_calendar; Type: TABLE DATA; Schema: public; Owner: Migsygerzky
--

COPY public.rooms_calendar (id, room_id) FROM stdin;
1	1
2	2
3	3
4	4
\.


--
-- Data for Name: rooms_dateentry; Type: TABLE DATA; Schema: public; Owner: Migsygerzky
--

COPY public.rooms_dateentry (id, date, calendar_id) FROM stdin;
1	2025-05-29	1
4	2025-07-03	4
6	2025-06-19	3
\.


--
-- Data for Name: rooms_room; Type: TABLE DATA; Schema: public; Owner: Migsygerzky
--

COPY public.rooms_room (id, roomlabel, capacity) FROM stdin;
1	Room 2 - Conference Room	6
2	Room 3 - Lecture Room	20
3	Room 7 - Lecture Room	30
4	Group Study Area	6
\.


--
-- Data for Name: rooms_timereserved; Type: TABLE DATA; Schema: public; Owner: Migsygerzky
--

COPY public.rooms_timereserved (id, starting_time, ending_time, date_entry_id, event_id) FROM stdin;
1	02:48:00	03:48:00	1	2
4	02:00:00	04:00:00	4	5
6	09:40:00	10:41:00	6	7
\.


--
-- Data for Name: socialaccount_socialaccount; Type: TABLE DATA; Schema: public; Owner: postgres
--

COPY public.socialaccount_socialaccount (id, provider, uid, last_login, date_joined, extra_data, user_id) FROM stdin;
1	google	116997667650686930286	2025-05-27 20:33:38.925128+08	2025-05-14 15:29:06.012186+08	{"hd": "up.edu.ph", "aud": "862406770454-6g2udi19us42hhasg1q5ejamh7dl2gs1.apps.googleusercontent.com", "azp": "862406770454-6g2udi19us42hhasg1q5ejamh7dl2gs1.apps.googleusercontent.com", "exp": 1748352819, "iat": 1748349219, "iss": "https://accounts.google.com", "sub": "116997667650686930286", "name": "Miguel Alexis Morgia", "email": "memorgia@up.edu.ph", "at_hash": "jR8j2XZKuUG4J6Nd-aw_Nw", "picture": "https://lh3.googleusercontent.com/a/ACg8ocL2eoPxS48gO5KmwPdArY_Z65Zpkd3agJeAv1mh-qqUg_BTBA=s96-c", "given_name": "Miguel Alexis", "family_name": "Morgia", "email_verified": true}	4
2	google	116311632211453037994	2025-05-24 04:34:23.597434+08	2025-05-24 04:34:23.597443+08	{"hd": "up.edu.ph", "aud": "862406770454-6g2udi19us42hhasg1q5ejamh7dl2gs1.apps.googleusercontent.com", "azp": "862406770454-6g2udi19us42hhasg1q5ejamh7dl2gs1.apps.googleusercontent.com", "exp": 1748036065, "iat": 1748032465, "iss": "https://accounts.google.com", "sub": "116311632211453037994", "name": "Karlo Louis Dongon", "email": "kcdongon@up.edu.ph", "at_hash": "dAVJDml4ww1rfvdjod4ojg", "picture": "https://lh3.googleusercontent.com/a/ACg8ocJf_BOcEjzfamHADmbMPBdT65IEBy-Cixi94yKawBUclZUCt2k=s96-c", "given_name": "Karlo Louis", "family_name": "Dongon", "email_verified": true}	11
\.


--
-- Data for Name: socialaccount_socialapp; Type: TABLE DATA; Schema: public; Owner: postgres
--

COPY public.socialaccount_socialapp (id, provider, name, client_id, secret, key, provider_id, settings) FROM stdin;
1	google	google	862406770454-6g2udi19us42hhasg1q5ejamh7dl2gs1.apps.googleusercontent.com	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			{}
\.


--
-- Data for Name: socialaccount_socialapp_sites; Type: TABLE DATA; Schema: public; Owner: postgres
--

COPY public.socialaccount_socialapp_sites (id, socialapp_id, site_id) FROM stdin;
1	1	4
\.


--
-- Data for Name: socialaccount_socialtoken; Type: TABLE DATA; Schema: public; Owner: postgres
--

COPY public.socialaccount_socialtoken (id, token, token_secret, expires_at, account_id, app_id) FROM stdin;
\.


--
-- Name: account_emailaddress_id_seq; Type: SEQUENCE SET; Schema: public; Owner: postgres
--

SELECT pg_catalog.setval('public.account_emailaddress_id_seq', 2, true);


--
-- Name: account_emailconfirmation_id_seq; Type: SEQUENCE SET; Schema: public; Owner: postgres
--

SELECT pg_catalog.setval('public.account_emailconfirmation_id_seq', 1, false);


--
-- Name: approvals_approvalaudit_id_seq; Type: SEQUENCE SET; Schema: public; Owner: postgres
--

SELECT pg_catalog.setval('public.approvals_approvalaudit_id_seq', 7, true);


--
-- Name: auth_group_id_seq; Type: SEQUENCE SET; Schema: public; Owner: Migsygerzky
--

SELECT pg_catalog.setval('public.auth_group_id_seq', 1, true);


--
-- Name: auth_group_permissions_id_seq; Type: SEQUENCE SET; Schema: public; Owner: Migsygerzky
--

SELECT pg_catalog.setval('public.auth_group_permissions_id_seq', 2, true);


--
-- Name: auth_permission_id_seq; Type: SEQUENCE SET; Schema: public; Owner: Migsygerzky
--

SELECT pg_catalog.setval('public.auth_permission_id_seq', 92, true);


--
-- Name: auth_user_groups_id_seq; Type: SEQUENCE SET; Schema: public; Owner: Migsygerzky
--

SELECT pg_catalog.setval('public.auth_user_groups_id_seq', 1, true);


--
-- Name: auth_user_id_seq; Type: SEQUENCE SET; Schema: public; Owner: Migsygerzky
--

SELECT pg_catalog.setval('public.auth_user_id_seq', 12, true);


--
-- Name: auth_user_user_permissions_id_seq; Type: SEQUENCE SET; Schema: public; Owner: Migsygerzky
--

SELECT pg_catalog.setval('public.auth_user_user_permissions_id_seq', 6, true);


--
-- Name: django_admin_log_id_seq; Type: SEQUENCE SET; Schema: public; Owner: Migsygerzky
--

SELECT pg_catalog.setval('public.django_admin_log_id_seq', 159, true);


--
-- Name: django_content_type_id_seq; Type: SEQUENCE SET; Schema: public; Owner: Migsygerzky
--

SELECT pg_catalog.setval('public.django_content_type_id_seq', 23, true);


--
-- Name: django_migrations_id_seq; Type: SEQUENCE SET; Schema: public; Owner: Migsygerzky
--

SELECT pg_catalog.setval('public.django_migrations_id_seq', 47, true);


--
-- Name: django_site_id_seq; Type: SEQUENCE SET; Schema: public; Owner: postgres
--

SELECT pg_catalog.setval('public.django_site_id_seq', 4, true);


--
-- Name: events_event_id_seq; Type: SEQUENCE SET; Schema: public; Owner: postgres
--

SELECT pg_catalog.setval('public.events_event_id_seq', 7, true);


--
-- Name: reservations_attendee_id_seq; Type: SEQUENCE SET; Schema: public; Owner: Migsygerzky
--

SELECT pg_catalog.setval('public.reservations_attendee_id_seq', 156, true);


--
-- Name: reservations_attendeelist_id_seq; Type: SEQUENCE SET; Schema: public; Owner: Migsygerzky
--

SELECT pg_catalog.setval('public.reservations_attendeelist_id_seq', 55, true);


--
-- Name: reservations_reservationdetails_id_seq; Type: SEQUENCE SET; Schema: public; Owner: Migsygerzky
--

SELECT pg_catalog.setval('public.reservations_reservationdetails_id_seq', 47, true);


--
-- Name: reservations_reservationroomdetails_id_seq; Type: SEQUENCE SET; Schema: public; Owner: Migsygerzky
--

SELECT pg_catalog.setval('public.reservations_reservationroomdetails_id_seq', 50, true);


--
-- Name: reservations_reservationstatuslog_id_seq; Type: SEQUENCE SET; Schema: public; Owner: Migsygerzky
--

SELECT pg_catalog.setval('public.reservations_reservationstatuslog_id_seq', 49, true);


--
-- Name: rooms_calendar_id_seq; Type: SEQUENCE SET; Schema: public; Owner: Migsygerzky
--

SELECT pg_catalog.setval('public.rooms_calendar_id_seq', 4, true);


--
-- Name: rooms_dateentry_id_seq; Type: SEQUENCE SET; Schema: public; Owner: Migsygerzky
--

SELECT pg_catalog.setval('public.rooms_dateentry_id_seq', 6, true);


--
-- Name: rooms_room_id_seq; Type: SEQUENCE SET; Schema: public; Owner: Migsygerzky
--

SELECT pg_catalog.setval('public.rooms_room_id_seq', 4, true);


--
-- Name: rooms_timereserved_id_seq; Type: SEQUENCE SET; Schema: public; Owner: Migsygerzky
--

SELECT pg_catalog.setval('public.rooms_timereserved_id_seq', 6, true);


--
-- Name: socialaccount_socialaccount_id_seq; Type: SEQUENCE SET; Schema: public; Owner: postgres
--

SELECT pg_catalog.setval('public.socialaccount_socialaccount_id_seq', 2, true);


--
-- Name: socialaccount_socialapp_id_seq; Type: SEQUENCE SET; Schema: public; Owner: postgres
--

SELECT pg_catalog.setval('public.socialaccount_socialapp_id_seq', 1, true);


--
-- Name: socialaccount_socialapp_sites_id_seq; Type: SEQUENCE SET; Schema: public; Owner: postgres
--

SELECT pg_catalog.setval('public.socialaccount_socialapp_sites_id_seq', 1, true);


--
-- Name: socialaccount_socialtoken_id_seq; Type: SEQUENCE SET; Schema: public; Owner: postgres
--

SELECT pg_catalog.setval('public.socialaccount_socialtoken_id_seq', 1, false);


--
-- Name: account_emailaddress account_emailaddress_pkey; Type: CONSTRAINT; Schema: public; Owner: postgres
--

ALTER TABLE ONLY public.account_emailaddress
    ADD CONSTRAINT account_emailaddress_pkey PRIMARY KEY (id);


--
-- Name: account_emailaddress account_emailaddress_user_id_email_987c8728_uniq; Type: CONSTRAINT; Schema: public; Owner: postgres
--

ALTER TABLE ONLY public.account_emailaddress
    ADD CONSTRAINT account_emailaddress_user_id_email_987c8728_uniq UNIQUE (user_id, email);


--
-- Name: account_emailconfirmation account_emailconfirmation_key_key; Type: CONSTRAINT; Schema: public; Owner: postgres
--

ALTER TABLE ONLY public.account_emailconfirmation
    ADD CONSTRAINT account_emailconfirmation_key_key UNIQUE (key);


--
-- Name: account_emailconfirmation account_emailconfirmation_pkey; Type: CONSTRAINT; Schema: public; Owner: postgres
--

ALTER TABLE ONLY public.account_emailconfirmation
    ADD CONSTRAINT account_emailconfirmation_pkey PRIMARY KEY (id);


--
-- Name: approvals_approvalaudit approvals_approvalaudit_pkey; Type: CONSTRAINT; Schema: public; Owner: postgres
--

ALTER TABLE ONLY public.approvals_approvalaudit
    ADD CONSTRAINT approvals_approvalaudit_pkey PRIMARY KEY (id);


--
-- Name: auth_group auth_group_name_key; Type: CONSTRAINT; Schema: public; Owner: Migsygerzky
--

ALTER TABLE ONLY public.auth_group
    ADD CONSTRAINT auth_group_name_key UNIQUE (name);


--
-- Name: auth_group_permissions auth_group_permissions_group_id_permission_id_0cd325b0_uniq; Type: CONSTRAINT; Schema: public; Owner: Migsygerzky
--

ALTER TABLE ONLY public.auth_group_permissions
    ADD CONSTRAINT auth_group_permissions_group_id_permission_id_0cd325b0_uniq UNIQUE (group_id, permission_id);


--
-- Name: auth_group_permissions auth_group_permissions_pkey; Type: CONSTRAINT; Schema: public; Owner: Migsygerzky
--

ALTER TABLE ONLY public.auth_group_permissions
    ADD CONSTRAINT auth_group_permissions_pkey PRIMARY KEY (id);


--
-- Name: auth_group auth_group_pkey; Type: CONSTRAINT; Schema: public; Owner: Migsygerzky
--

ALTER TABLE ONLY public.auth_group
    ADD CONSTRAINT auth_group_pkey PRIMARY KEY (id);


--
-- Name: auth_permission auth_permission_content_type_id_codename_01ab375a_uniq; Type: CONSTRAINT; Schema: public; Owner: Migsygerzky
--

ALTER TABLE ONLY public.auth_permission
    ADD CONSTRAINT auth_permission_content_type_id_codename_01ab375a_uniq UNIQUE (content_type_id, codename);


--
-- Name: auth_permission auth_permission_pkey; Type: CONSTRAINT; Schema: public; Owner: Migsygerzky
--

ALTER TABLE ONLY public.auth_permission
    ADD CONSTRAINT auth_permission_pkey PRIMARY KEY (id);


--
-- Name: auth_user_groups auth_user_groups_pkey; Type: CONSTRAINT; Schema: public; Owner: Migsygerzky
--

ALTER TABLE ONLY public.auth_user_groups
    ADD CONSTRAINT auth_user_groups_pkey PRIMARY KEY (id);


--
-- Name: auth_user_groups auth_user_groups_user_id_group_id_94350c0c_uniq; Type: CONSTRAINT; Schema: public; Owner: Migsygerzky
--

ALTER TABLE ONLY public.auth_user_groups
    ADD CONSTRAINT auth_user_groups_user_id_group_id_94350c0c_uniq UNIQUE (user_id, group_id);


--
-- Name: auth_user auth_user_pkey; Type: CONSTRAINT; Schema: public; Owner: Migsygerzky
--

ALTER TABLE ONLY public.auth_user
    ADD CONSTRAINT auth_user_pkey PRIMARY KEY (id);


--
-- Name: auth_user_user_permissions auth_user_user_permissions_pkey; Type: CONSTRAINT; Schema: public; Owner: Migsygerzky
--

ALTER TABLE ONLY public.auth_user_user_permissions
    ADD CONSTRAINT auth_user_user_permissions_pkey PRIMARY KEY (id);


--
-- Name: auth_user_user_permissions auth_user_user_permissions_user_id_permission_id_14a6b632_uniq; Type: CONSTRAINT; Schema: public; Owner: Migsygerzky
--

ALTER TABLE ONLY public.auth_user_user_permissions
    ADD CONSTRAINT auth_user_user_permissions_user_id_permission_id_14a6b632_uniq UNIQUE (user_id, permission_id);


--
-- Name: auth_user auth_user_username_key; Type: CONSTRAINT; Schema: public; Owner: Migsygerzky
--

ALTER TABLE ONLY public.auth_user
    ADD CONSTRAINT auth_user_username_key UNIQUE (username);


--
-- Name: django_admin_log django_admin_log_pkey; Type: CONSTRAINT; Schema: public; Owner: Migsygerzky
--

ALTER TABLE ONLY public.django_admin_log
    ADD CONSTRAINT django_admin_log_pkey PRIMARY KEY (id);


--
-- Name: django_content_type django_content_type_app_label_model_76bd3d3b_uniq; Type: CONSTRAINT; Schema: public; Owner: Migsygerzky
--

ALTER TABLE ONLY public.django_content_type
    ADD CONSTRAINT django_content_type_app_label_model_76bd3d3b_uniq UNIQUE (app_label, model);


--
-- Name: django_content_type django_content_type_pkey; Type: CONSTRAINT; Schema: public; Owner: Migsygerzky
--

ALTER TABLE ONLY public.django_content_type
    ADD CONSTRAINT django_content_type_pkey PRIMARY KEY (id);


--
-- Name: django_migrations django_migrations_pkey; Type: CONSTRAINT; Schema: public; Owner: Migsygerzky
--

ALTER TABLE ONLY public.django_migrations
    ADD CONSTRAINT django_migrations_pkey PRIMARY KEY (id);


--
-- Name: django_session django_session_pkey; Type: CONSTRAINT; Schema: public; Owner: Migsygerzky
--

ALTER TABLE ONLY public.django_session
    ADD CONSTRAINT django_session_pkey PRIMARY KEY (session_key);


--
-- Name: django_site django_site_domain_a2e37b91_uniq; Type: CONSTRAINT; Schema: public; Owner: postgres
--

ALTER TABLE ONLY public.django_site
    ADD CONSTRAINT django_site_domain_a2e37b91_uniq UNIQUE (domain);


--
-- Name: django_site django_site_pkey; Type: CONSTRAINT; Schema: public; Owner: postgres
--

ALTER TABLE ONLY public.django_site
    ADD CONSTRAINT django_site_pkey PRIMARY KEY (id);


--
-- Name: events_event events_event_pkey; Type: CONSTRAINT; Schema: public; Owner: postgres
--

ALTER TABLE ONLY public.events_event
    ADD CONSTRAINT events_event_pkey PRIMARY KEY (id);


--
-- Name: events_event events_event_reservationdetails_id_key; Type: CONSTRAINT; Schema: public; Owner: postgres
--

ALTER TABLE ONLY public.events_event
    ADD CONSTRAINT events_event_reservationdetails_id_key UNIQUE (reservationdetails_id);


--
-- Name: reservations_attendee reservations_attendee_attendee_list_id_user_ded12484_uniq; Type: CONSTRAINT; Schema: public; Owner: Migsygerzky
--

ALTER TABLE ONLY public.reservations_attendee
    ADD CONSTRAINT reservations_attendee_attendee_list_id_user_ded12484_uniq UNIQUE (attendee_list_id, "user");


--
-- Name: reservations_attendee reservations_attendee_pkey; Type: CONSTRAINT; Schema: public; Owner: Migsygerzky
--

ALTER TABLE ONLY public.reservations_attendee
    ADD CONSTRAINT reservations_attendee_pkey PRIMARY KEY (id);


--
-- Name: reservations_attendeelist reservations_attendeelist_pkey; Type: CONSTRAINT; Schema: public; Owner: Migsygerzky
--

ALTER TABLE ONLY public.reservations_attendeelist
    ADD CONSTRAINT reservations_attendeelist_pkey PRIMARY KEY (id);


--
-- Name: reservations_reservationdetails reservations_reservationdetails_pkey; Type: CONSTRAINT; Schema: public; Owner: Migsygerzky
--

ALTER TABLE ONLY public.reservations_reservationdetails
    ADD CONSTRAINT reservations_reservationdetails_pkey PRIMARY KEY (id);


--
-- Name: reservations_reservationdetails reservations_reservationdetails_reservation_room_details_id_key; Type: CONSTRAINT; Schema: public; Owner: Migsygerzky
--

ALTER TABLE ONLY public.reservations_reservationdetails
    ADD CONSTRAINT reservations_reservationdetails_reservation_room_details_id_key UNIQUE (reservation_room_details_id);


--
-- Name: reservations_reservationdetails reservations_reservationdetails_reservation_status_log_id_key; Type: CONSTRAINT; Schema: public; Owner: Migsygerzky
--

ALTER TABLE ONLY public.reservations_reservationdetails
    ADD CONSTRAINT reservations_reservationdetails_reservation_status_log_id_key UNIQUE (reservation_status_log_id);


--
-- Name: reservations_reservationroomdetails reservations_reservationroomdetails_attendee_list_id_key; Type: CONSTRAINT; Schema: public; Owner: Migsygerzky
--

ALTER TABLE ONLY public.reservations_reservationroomdetails
    ADD CONSTRAINT reservations_reservationroomdetails_attendee_list_id_key UNIQUE (attendee_list_id);


--
-- Name: reservations_reservationroomdetails reservations_reservationroomdetails_pkey; Type: CONSTRAINT; Schema: public; Owner: Migsygerzky
--

ALTER TABLE ONLY public.reservations_reservationroomdetails
    ADD CONSTRAINT reservations_reservationroomdetails_pkey PRIMARY KEY (id);


--
-- Name: reservations_reservationstatuslog reservations_reservationstatuslog_pkey; Type: CONSTRAINT; Schema: public; Owner: Migsygerzky
--

ALTER TABLE ONLY public.reservations_reservationstatuslog
    ADD CONSTRAINT reservations_reservationstatuslog_pkey PRIMARY KEY (id);


--
-- Name: rooms_calendar rooms_calendar_pkey; Type: CONSTRAINT; Schema: public; Owner: Migsygerzky
--

ALTER TABLE ONLY public.rooms_calendar
    ADD CONSTRAINT rooms_calendar_pkey PRIMARY KEY (id);


--
-- Name: rooms_calendar rooms_calendar_room_id_key; Type: CONSTRAINT; Schema: public; Owner: Migsygerzky
--

ALTER TABLE ONLY public.rooms_calendar
    ADD CONSTRAINT rooms_calendar_room_id_key UNIQUE (room_id);


--
-- Name: rooms_dateentry rooms_dateentry_calendar_id_date_33d7451a_uniq; Type: CONSTRAINT; Schema: public; Owner: Migsygerzky
--

ALTER TABLE ONLY public.rooms_dateentry
    ADD CONSTRAINT rooms_dateentry_calendar_id_date_33d7451a_uniq UNIQUE (calendar_id, date);


--
-- Name: rooms_dateentry rooms_dateentry_pkey; Type: CONSTRAINT; Schema: public; Owner: Migsygerzky
--

ALTER TABLE ONLY public.rooms_dateentry
    ADD CONSTRAINT rooms_dateentry_pkey PRIMARY KEY (id);


--
-- Name: rooms_room rooms_room_pkey; Type: CONSTRAINT; Schema: public; Owner: Migsygerzky
--

ALTER TABLE ONLY public.rooms_room
    ADD CONSTRAINT rooms_room_pkey PRIMARY KEY (id);


--
-- Name: rooms_room rooms_room_roomlabel_key; Type: CONSTRAINT; Schema: public; Owner: Migsygerzky
--

ALTER TABLE ONLY public.rooms_room
    ADD CONSTRAINT rooms_room_roomlabel_key UNIQUE (roomlabel);


--
-- Name: rooms_timereserved rooms_timereserved_event_id_key; Type: CONSTRAINT; Schema: public; Owner: Migsygerzky
--

ALTER TABLE ONLY public.rooms_timereserved
    ADD CONSTRAINT rooms_timereserved_event_id_key UNIQUE (event_id);


--
-- Name: rooms_timereserved rooms_timereserved_pkey; Type: CONSTRAINT; Schema: public; Owner: Migsygerzky
--

ALTER TABLE ONLY public.rooms_timereserved
    ADD CONSTRAINT rooms_timereserved_pkey PRIMARY KEY (id);


--
-- Name: socialaccount_socialaccount socialaccount_socialaccount_pkey; Type: CONSTRAINT; Schema: public; Owner: postgres
--

ALTER TABLE ONLY public.socialaccount_socialaccount
    ADD CONSTRAINT socialaccount_socialaccount_pkey PRIMARY KEY (id);


--
-- Name: socialaccount_socialaccount socialaccount_socialaccount_provider_uid_fc810c6e_uniq; Type: CONSTRAINT; Schema: public; Owner: postgres
--

ALTER TABLE ONLY public.socialaccount_socialaccount
    ADD CONSTRAINT socialaccount_socialaccount_provider_uid_fc810c6e_uniq UNIQUE (provider, uid);


--
-- Name: socialaccount_socialapp_sites socialaccount_socialapp__socialapp_id_site_id_71a9a768_uniq; Type: CONSTRAINT; Schema: public; Owner: postgres
--

ALTER TABLE ONLY public.socialaccount_socialapp_sites
    ADD CONSTRAINT socialaccount_socialapp__socialapp_id_site_id_71a9a768_uniq UNIQUE (socialapp_id, site_id);


--
-- Name: socialaccount_socialapp socialaccount_socialapp_pkey; Type: CONSTRAINT; Schema: public; Owner: postgres
--

ALTER TABLE ONLY public.socialaccount_socialapp
    ADD CONSTRAINT socialaccount_socialapp_pkey PRIMARY KEY (id);


--
-- Name: socialaccount_socialapp_sites socialaccount_socialapp_sites_pkey; Type: CONSTRAINT; Schema: public; Owner: postgres
--

ALTER TABLE ONLY public.socialaccount_socialapp_sites
    ADD CONSTRAINT socialaccount_socialapp_sites_pkey PRIMARY KEY (id);


--
-- Name: socialaccount_socialtoken socialaccount_socialtoken_app_id_account_id_fca4e0ac_uniq; Type: CONSTRAINT; Schema: public; Owner: postgres
--

ALTER TABLE ONLY public.socialaccount_socialtoken
    ADD CONSTRAINT socialaccount_socialtoken_app_id_account_id_fca4e0ac_uniq UNIQUE (app_id, account_id);


--
-- Name: socialaccount_socialtoken socialaccount_socialtoken_pkey; Type: CONSTRAINT; Schema: public; Owner: postgres
--

ALTER TABLE ONLY public.socialaccount_socialtoken
    ADD CONSTRAINT socialaccount_socialtoken_pkey PRIMARY KEY (id);


--
-- Name: account_emailaddress_email_03be32b2; Type: INDEX; Schema: public; Owner: postgres
--

CREATE INDEX account_emailaddress_email_03be32b2 ON public.account_emailaddress USING btree (email);


--
-- Name: account_emailaddress_email_03be32b2_like; Type: INDEX; Schema: public; Owner: postgres
--

CREATE INDEX account_emailaddress_email_03be32b2_like ON public.account_emailaddress USING btree (email varchar_pattern_ops);


--
-- Name: account_emailaddress_user_id_2c513194; Type: INDEX; Schema: public; Owner: postgres
--

CREATE INDEX account_emailaddress_user_id_2c513194 ON public.account_emailaddress USING btree (user_id);


--
-- Name: account_emailconfirmation_email_address_id_5b7f8c58; Type: INDEX; Schema: public; Owner: postgres
--

CREATE INDEX account_emailconfirmation_email_address_id_5b7f8c58 ON public.account_emailconfirmation USING btree (email_address_id);


--
-- Name: account_emailconfirmation_key_f43612bd_like; Type: INDEX; Schema: public; Owner: postgres
--

CREATE INDEX account_emailconfirmation_key_f43612bd_like ON public.account_emailconfirmation USING btree (key varchar_pattern_ops);


--
-- Name: approvals_approvalaudit_admin_id_8551d157; Type: INDEX; Schema: public; Owner: postgres
--

CREATE INDEX approvals_approvalaudit_admin_id_8551d157 ON public.approvals_approvalaudit USING btree (admin_id);


--
-- Name: approvals_approvalaudit_reservation_id_c203ccad; Type: INDEX; Schema: public; Owner: postgres
--

CREATE INDEX approvals_approvalaudit_reservation_id_c203ccad ON public.approvals_approvalaudit USING btree (reservation_id);


--
-- Name: auth_group_name_a6ea08ec_like; Type: INDEX; Schema: public; Owner: Migsygerzky
--

CREATE INDEX auth_group_name_a6ea08ec_like ON public.auth_group USING btree (name varchar_pattern_ops);


--
-- Name: auth_group_permissions_group_id_b120cbf9; Type: INDEX; Schema: public; Owner: Migsygerzky
--

CREATE INDEX auth_group_permissions_group_id_b120cbf9 ON public.auth_group_permissions USING btree (group_id);


--
-- Name: auth_group_permissions_permission_id_84c5c92e; Type: INDEX; Schema: public; Owner: Migsygerzky
--

CREATE INDEX auth_group_permissions_permission_id_84c5c92e ON public.auth_group_permissions USING btree (permission_id);


--
-- Name: auth_permission_content_type_id_2f476e4b; Type: INDEX; Schema: public; Owner: Migsygerzky
--

CREATE INDEX auth_permission_content_type_id_2f476e4b ON public.auth_permission USING btree (content_type_id);


--
-- Name: auth_user_groups_group_id_97559544; Type: INDEX; Schema: public; Owner: Migsygerzky
--

CREATE INDEX auth_user_groups_group_id_97559544 ON public.auth_user_groups USING btree (group_id);


--
-- Name: auth_user_groups_user_id_6a12ed8b; Type: INDEX; Schema: public; Owner: Migsygerzky
--

CREATE INDEX auth_user_groups_user_id_6a12ed8b ON public.auth_user_groups USING btree (user_id);


--
-- Name: auth_user_user_permissions_permission_id_1fbb5f2c; Type: INDEX; Schema: public; Owner: Migsygerzky
--

CREATE INDEX auth_user_user_permissions_permission_id_1fbb5f2c ON public.auth_user_user_permissions USING btree (permission_id);


--
-- Name: auth_user_user_permissions_user_id_a95ead1b; Type: INDEX; Schema: public; Owner: Migsygerzky
--

CREATE INDEX auth_user_user_permissions_user_id_a95ead1b ON public.auth_user_user_permissions USING btree (user_id);


--
-- Name: auth_user_username_6821ab7c_like; Type: INDEX; Schema: public; Owner: Migsygerzky
--

CREATE INDEX auth_user_username_6821ab7c_like ON public.auth_user USING btree (username varchar_pattern_ops);


--
-- Name: django_admin_log_content_type_id_c4bce8eb; Type: INDEX; Schema: public; Owner: Migsygerzky
--

CREATE INDEX django_admin_log_content_type_id_c4bce8eb ON public.django_admin_log USING btree (content_type_id);


--
-- Name: django_admin_log_user_id_c564eba6; Type: INDEX; Schema: public; Owner: Migsygerzky
--

CREATE INDEX django_admin_log_user_id_c564eba6 ON public.django_admin_log USING btree (user_id);


--
-- Name: django_session_expire_date_a5c62663; Type: INDEX; Schema: public; Owner: Migsygerzky
--

CREATE INDEX django_session_expire_date_a5c62663 ON public.django_session USING btree (expire_date);


--
-- Name: django_session_session_key_c0390e0f_like; Type: INDEX; Schema: public; Owner: Migsygerzky
--

CREATE INDEX django_session_session_key_c0390e0f_like ON public.django_session USING btree (session_key varchar_pattern_ops);


--
-- Name: django_site_domain_a2e37b91_like; Type: INDEX; Schema: public; Owner: postgres
--

CREATE INDEX django_site_domain_a2e37b91_like ON public.django_site USING btree (domain varchar_pattern_ops);


--
-- Name: reservations_attendee_attendee_list_id_95631d72; Type: INDEX; Schema: public; Owner: Migsygerzky
--

CREATE INDEX reservations_attendee_attendee_list_id_95631d72 ON public.reservations_attendee USING btree (attendee_list_id);


--
-- Name: reservations_reservationdetails_organizer_id_71955864; Type: INDEX; Schema: public; Owner: Migsygerzky
--

CREATE INDEX reservations_reservationdetails_organizer_id_71955864 ON public.reservations_reservationdetails USING btree (organizer_id);


--
-- Name: reservations_reservationroomdetails_room_id_8a7448bd; Type: INDEX; Schema: public; Owner: Migsygerzky
--

CREATE INDEX reservations_reservationroomdetails_room_id_8a7448bd ON public.reservations_reservationroomdetails USING btree (room_id);


--
-- Name: reservations_reservationstatuslog_admin_in_charge_id_c0e1708a; Type: INDEX; Schema: public; Owner: Migsygerzky
--

CREATE INDEX reservations_reservationstatuslog_admin_in_charge_id_c0e1708a ON public.reservations_reservationstatuslog USING btree (admin_in_charge_id);


--
-- Name: rooms_dateentry_calendar_id_42bd0d74; Type: INDEX; Schema: public; Owner: Migsygerzky
--

CREATE INDEX rooms_dateentry_calendar_id_42bd0d74 ON public.rooms_dateentry USING btree (calendar_id);


--
-- Name: rooms_room_roomlabel_905b9e73_like; Type: INDEX; Schema: public; Owner: Migsygerzky
--

CREATE INDEX rooms_room_roomlabel_905b9e73_like ON public.rooms_room USING btree (roomlabel varchar_pattern_ops);


--
-- Name: rooms_timereserved_date_entry_id_e4d232c4; Type: INDEX; Schema: public; Owner: Migsygerzky
--

CREATE INDEX rooms_timereserved_date_entry_id_e4d232c4 ON public.rooms_timereserved USING btree (date_entry_id);


--
-- Name: socialaccount_socialaccount_user_id_8146e70c; Type: INDEX; Schema: public; Owner: postgres
--

CREATE INDEX socialaccount_socialaccount_user_id_8146e70c ON public.socialaccount_socialaccount USING btree (user_id);


--
-- Name: socialaccount_socialapp_sites_site_id_2579dee5; Type: INDEX; Schema: public; Owner: postgres
--

CREATE INDEX socialaccount_socialapp_sites_site_id_2579dee5 ON public.socialaccount_socialapp_sites USING btree (site_id);


--
-- Name: socialaccount_socialapp_sites_socialapp_id_97fb6e7d; Type: INDEX; Schema: public; Owner: postgres
--

CREATE INDEX socialaccount_socialapp_sites_socialapp_id_97fb6e7d ON public.socialaccount_socialapp_sites USING btree (socialapp_id);


--
-- Name: socialaccount_socialtoken_account_id_951f210e; Type: INDEX; Schema: public; Owner: postgres
--

CREATE INDEX socialaccount_socialtoken_account_id_951f210e ON public.socialaccount_socialtoken USING btree (account_id);


--
-- Name: socialaccount_socialtoken_app_id_636a42d7; Type: INDEX; Schema: public; Owner: postgres
--

CREATE INDEX socialaccount_socialtoken_app_id_636a42d7 ON public.socialaccount_socialtoken USING btree (app_id);


--
-- Name: unique_primary_email; Type: INDEX; Schema: public; Owner: postgres
--

CREATE UNIQUE INDEX unique_primary_email ON public.account_emailaddress USING btree (user_id, "primary") WHERE "primary";


--
-- Name: unique_verified_email; Type: INDEX; Schema: public; Owner: postgres
--

CREATE UNIQUE INDEX unique_verified_email ON public.account_emailaddress USING btree (email) WHERE verified;


--
-- Name: account_emailaddress account_emailaddress_user_id_2c513194_fk_auth_user_id; Type: FK CONSTRAINT; Schema: public; Owner: postgres
--

ALTER TABLE ONLY public.account_emailaddress
    ADD CONSTRAINT account_emailaddress_user_id_2c513194_fk_auth_user_id FOREIGN KEY (user_id) REFERENCES public.auth_user(id) DEFERRABLE INITIALLY DEFERRED;


--
-- Name: account_emailconfirmation account_emailconfirm_email_address_id_5b7f8c58_fk_account_e; Type: FK CONSTRAINT; Schema: public; Owner: postgres
--

ALTER TABLE ONLY public.account_emailconfirmation
    ADD CONSTRAINT account_emailconfirm_email_address_id_5b7f8c58_fk_account_e FOREIGN KEY (email_address_id) REFERENCES public.account_emailaddress(id) DEFERRABLE INITIALLY DEFERRED;


--
-- Name: approvals_approvalaudit approvals_approvalau_reservation_id_c203ccad_fk_reservati; Type: FK CONSTRAINT; Schema: public; Owner: postgres
--

ALTER TABLE ONLY public.approvals_approvalaudit
    ADD CONSTRAINT approvals_approvalau_reservation_id_c203ccad_fk_reservati FOREIGN KEY (reservation_id) REFERENCES public.reservations_reservationdetails(id) DEFERRABLE INITIALLY DEFERRED;


--
-- Name: approvals_approvalaudit approvals_approvalaudit_admin_id_8551d157_fk_auth_user_id; Type: FK CONSTRAINT; Schema: public; Owner: postgres
--

ALTER TABLE ONLY public.approvals_approvalaudit
    ADD CONSTRAINT approvals_approvalaudit_admin_id_8551d157_fk_auth_user_id FOREIGN KEY (admin_id) REFERENCES public.auth_user(id) DEFERRABLE INITIALLY DEFERRED;


--
-- Name: auth_group_permissions auth_group_permissio_permission_id_84c5c92e_fk_auth_perm; Type: FK CONSTRAINT; Schema: public; Owner: Migsygerzky
--

ALTER TABLE ONLY public.auth_group_permissions
    ADD CONSTRAINT auth_group_permissio_permission_id_84c5c92e_fk_auth_perm FOREIGN KEY (permission_id) REFERENCES public.auth_permission(id) DEFERRABLE INITIALLY DEFERRED;


--
-- Name: auth_group_permissions auth_group_permissions_group_id_b120cbf9_fk_auth_group_id; Type: FK CONSTRAINT; Schema: public; Owner: Migsygerzky
--

ALTER TABLE ONLY public.auth_group_permissions
    ADD CONSTRAINT auth_group_permissions_group_id_b120cbf9_fk_auth_group_id FOREIGN KEY (group_id) REFERENCES public.auth_group(id) DEFERRABLE INITIALLY DEFERRED;


--
-- Name: auth_permission auth_permission_content_type_id_2f476e4b_fk_django_co; Type: FK CONSTRAINT; Schema: public; Owner: Migsygerzky
--

ALTER TABLE ONLY public.auth_permission
    ADD CONSTRAINT auth_permission_content_type_id_2f476e4b_fk_django_co FOREIGN KEY (content_type_id) REFERENCES public.django_content_type(id) DEFERRABLE INITIALLY DEFERRED;


--
-- Name: auth_user_groups auth_user_groups_group_id_97559544_fk_auth_group_id; Type: FK CONSTRAINT; Schema: public; Owner: Migsygerzky
--

ALTER TABLE ONLY public.auth_user_groups
    ADD CONSTRAINT auth_user_groups_group_id_97559544_fk_auth_group_id FOREIGN KEY (group_id) REFERENCES public.auth_group(id) DEFERRABLE INITIALLY DEFERRED;


--
-- Name: auth_user_groups auth_user_groups_user_id_6a12ed8b_fk_auth_user_id; Type: FK CONSTRAINT; Schema: public; Owner: Migsygerzky
--

ALTER TABLE ONLY public.auth_user_groups
    ADD CONSTRAINT auth_user_groups_user_id_6a12ed8b_fk_auth_user_id FOREIGN KEY (user_id) REFERENCES public.auth_user(id) DEFERRABLE INITIALLY DEFERRED;


--
-- Name: auth_user_user_permissions auth_user_user_permi_permission_id_1fbb5f2c_fk_auth_perm; Type: FK CONSTRAINT; Schema: public; Owner: Migsygerzky
--

ALTER TABLE ONLY public.auth_user_user_permissions
    ADD CONSTRAINT auth_user_user_permi_permission_id_1fbb5f2c_fk_auth_perm FOREIGN KEY (permission_id) REFERENCES public.auth_permission(id) DEFERRABLE INITIALLY DEFERRED;


--
-- Name: auth_user_user_permissions auth_user_user_permissions_user_id_a95ead1b_fk_auth_user_id; Type: FK CONSTRAINT; Schema: public; Owner: Migsygerzky
--

ALTER TABLE ONLY public.auth_user_user_permissions
    ADD CONSTRAINT auth_user_user_permissions_user_id_a95ead1b_fk_auth_user_id FOREIGN KEY (user_id) REFERENCES public.auth_user(id) DEFERRABLE INITIALLY DEFERRED;


--
-- Name: django_admin_log django_admin_log_content_type_id_c4bce8eb_fk_django_co; Type: FK CONSTRAINT; Schema: public; Owner: Migsygerzky
--

ALTER TABLE ONLY public.django_admin_log
    ADD CONSTRAINT django_admin_log_content_type_id_c4bce8eb_fk_django_co FOREIGN KEY (content_type_id) REFERENCES public.django_content_type(id) DEFERRABLE INITIALLY DEFERRED;


--
-- Name: django_admin_log django_admin_log_user_id_c564eba6_fk_auth_user_id; Type: FK CONSTRAINT; Schema: public; Owner: Migsygerzky
--

ALTER TABLE ONLY public.django_admin_log
    ADD CONSTRAINT django_admin_log_user_id_c564eba6_fk_auth_user_id FOREIGN KEY (user_id) REFERENCES public.auth_user(id) DEFERRABLE INITIALLY DEFERRED;


--
-- Name: events_event events_event_reservationdetails_i_a1fc6d3a_fk_reservati; Type: FK CONSTRAINT; Schema: public; Owner: postgres
--

ALTER TABLE ONLY public.events_event
    ADD CONSTRAINT events_event_reservationdetails_i_a1fc6d3a_fk_reservati FOREIGN KEY (reservationdetails_id) REFERENCES public.reservations_reservationdetails(id) DEFERRABLE INITIALLY DEFERRED;


--
-- Name: reservations_attendee reservations_attende_attendee_list_id_95631d72_fk_reservati; Type: FK CONSTRAINT; Schema: public; Owner: Migsygerzky
--

ALTER TABLE ONLY public.reservations_attendee
    ADD CONSTRAINT reservations_attende_attendee_list_id_95631d72_fk_reservati FOREIGN KEY (attendee_list_id) REFERENCES public.reservations_attendeelist(id) DEFERRABLE INITIALLY DEFERRED;


--
-- Name: reservations_reservationstatuslog reservations_reserva_admin_in_charge_id_c0e1708a_fk_auth_user; Type: FK CONSTRAINT; Schema: public; Owner: Migsygerzky
--

ALTER TABLE ONLY public.reservations_reservationstatuslog
    ADD CONSTRAINT reservations_reserva_admin_in_charge_id_c0e1708a_fk_auth_user FOREIGN KEY (admin_in_charge_id) REFERENCES public.auth_user(id) DEFERRABLE INITIALLY DEFERRED;


--
-- Name: reservations_reservationroomdetails reservations_reserva_attendee_list_id_ad705c94_fk_reservati; Type: FK CONSTRAINT; Schema: public; Owner: Migsygerzky
--

ALTER TABLE ONLY public.reservations_reservationroomdetails
    ADD CONSTRAINT reservations_reserva_attendee_list_id_ad705c94_fk_reservati FOREIGN KEY (attendee_list_id) REFERENCES public.reservations_attendeelist(id) DEFERRABLE INITIALLY DEFERRED;


--
-- Name: reservations_reservationdetails reservations_reserva_organizer_id_71955864_fk_auth_user; Type: FK CONSTRAINT; Schema: public; Owner: Migsygerzky
--

ALTER TABLE ONLY public.reservations_reservationdetails
    ADD CONSTRAINT reservations_reserva_organizer_id_71955864_fk_auth_user FOREIGN KEY (organizer_id) REFERENCES public.auth_user(id) DEFERRABLE INITIALLY DEFERRED;


--
-- Name: reservations_reservationdetails reservations_reserva_reservation_room_det_586cee57_fk_reservati; Type: FK CONSTRAINT; Schema: public; Owner: Migsygerzky
--

ALTER TABLE ONLY public.reservations_reservationdetails
    ADD CONSTRAINT reservations_reserva_reservation_room_det_586cee57_fk_reservati FOREIGN KEY (reservation_room_details_id) REFERENCES public.reservations_reservationroomdetails(id) DEFERRABLE INITIALLY DEFERRED;


--
-- Name: reservations_reservationdetails reservations_reserva_reservation_status_l_e6e9669c_fk_reservati; Type: FK CONSTRAINT; Schema: public; Owner: Migsygerzky
--

ALTER TABLE ONLY public.reservations_reservationdetails
    ADD CONSTRAINT reservations_reserva_reservation_status_l_e6e9669c_fk_reservati FOREIGN KEY (reservation_status_log_id) REFERENCES public.reservations_reservationstatuslog(id) DEFERRABLE INITIALLY DEFERRED;


--
-- Name: reservations_reservationroomdetails reservations_reserva_room_id_8a7448bd_fk_rooms_roo; Type: FK CONSTRAINT; Schema: public; Owner: Migsygerzky
--

ALTER TABLE ONLY public.reservations_reservationroomdetails
    ADD CONSTRAINT reservations_reserva_room_id_8a7448bd_fk_rooms_roo FOREIGN KEY (room_id) REFERENCES public.rooms_room(id) DEFERRABLE INITIALLY DEFERRED;


--
-- Name: rooms_calendar rooms_calendar_room_id_ea77e521_fk_rooms_room_id; Type: FK CONSTRAINT; Schema: public; Owner: Migsygerzky
--

ALTER TABLE ONLY public.rooms_calendar
    ADD CONSTRAINT rooms_calendar_room_id_ea77e521_fk_rooms_room_id FOREIGN KEY (room_id) REFERENCES public.rooms_room(id) DEFERRABLE INITIALLY DEFERRED;


--
-- Name: rooms_dateentry rooms_dateentry_calendar_id_42bd0d74_fk_rooms_calendar_id; Type: FK CONSTRAINT; Schema: public; Owner: Migsygerzky
--

ALTER TABLE ONLY public.rooms_dateentry
    ADD CONSTRAINT rooms_dateentry_calendar_id_42bd0d74_fk_rooms_calendar_id FOREIGN KEY (calendar_id) REFERENCES public.rooms_calendar(id) DEFERRABLE INITIALLY DEFERRED;


--
-- Name: rooms_timereserved rooms_timereserved_date_entry_id_e4d232c4_fk_rooms_dateentry_id; Type: FK CONSTRAINT; Schema: public; Owner: Migsygerzky
--

ALTER TABLE ONLY public.rooms_timereserved
    ADD CONSTRAINT rooms_timereserved_date_entry_id_e4d232c4_fk_rooms_dateentry_id FOREIGN KEY (date_entry_id) REFERENCES public.rooms_dateentry(id) DEFERRABLE INITIALLY DEFERRED;


--
-- Name: rooms_timereserved rooms_timereserved_event_id_3c65489c_fk_events_event_id; Type: FK CONSTRAINT; Schema: public; Owner: Migsygerzky
--

ALTER TABLE ONLY public.rooms_timereserved
    ADD CONSTRAINT rooms_timereserved_event_id_3c65489c_fk_events_event_id FOREIGN KEY (event_id) REFERENCES public.events_event(id) DEFERRABLE INITIALLY DEFERRED;


--
-- Name: socialaccount_socialtoken socialaccount_social_account_id_951f210e_fk_socialacc; Type: FK CONSTRAINT; Schema: public; Owner: postgres
--

ALTER TABLE ONLY public.socialaccount_socialtoken
    ADD CONSTRAINT socialaccount_social_account_id_951f210e_fk_socialacc FOREIGN KEY (account_id) REFERENCES public.socialaccount_socialaccount(id) DEFERRABLE INITIALLY DEFERRED;


--
-- Name: socialaccount_socialtoken socialaccount_social_app_id_636a42d7_fk_socialacc; Type: FK CONSTRAINT; Schema: public; Owner: postgres
--

ALTER TABLE ONLY public.socialaccount_socialtoken
    ADD CONSTRAINT socialaccount_social_app_id_636a42d7_fk_socialacc FOREIGN KEY (app_id) REFERENCES public.socialaccount_socialapp(id) DEFERRABLE INITIALLY DEFERRED;


--
-- Name: socialaccount_socialapp_sites socialaccount_social_site_id_2579dee5_fk_django_si; Type: FK CONSTRAINT; Schema: public; Owner: postgres
--

ALTER TABLE ONLY public.socialaccount_socialapp_sites
    ADD CONSTRAINT socialaccount_social_site_id_2579dee5_fk_django_si FOREIGN KEY (site_id) REFERENCES public.django_site(id) DEFERRABLE INITIALLY DEFERRED;


--
-- Name: socialaccount_socialapp_sites socialaccount_social_socialapp_id_97fb6e7d_fk_socialacc; Type: FK CONSTRAINT; Schema: public; Owner: postgres
--

ALTER TABLE ONLY public.socialaccount_socialapp_sites
    ADD CONSTRAINT socialaccount_social_socialapp_id_97fb6e7d_fk_socialacc FOREIGN KEY (socialapp_id) REFERENCES public.socialaccount_socialapp(id) DEFERRABLE INITIALLY DEFERRED;


--
-- Name: socialaccount_socialaccount socialaccount_socialaccount_user_id_8146e70c_fk_auth_user_id; Type: FK CONSTRAINT; Schema: public; Owner: postgres
--

ALTER TABLE ONLY public.socialaccount_socialaccount
    ADD CONSTRAINT socialaccount_socialaccount_user_id_8146e70c_fk_auth_user_id FOREIGN KEY (user_id) REFERENCES public.auth_user(id) DEFERRABLE INITIALLY DEFERRED;


--
-- PostgreSQL database dump complete
--

